url,title,rating,boxOffice,criticsScore,audienceScore,Action,Adventure,Animation,Anime,Biography,Comedy,Crime,Documentary,Drama,Fantasy,LGBTQ+,History,Holiday,Horror,Kids & Family,Music,Musical,Mystery & Thriller,Romance,Sci-Fi,Sports,Stand-Up,War,Western,Entertainment,Faith & Spirituality,Game Show,Health & Wellness,House & Garden,Nature,News,Reality,Short,Soap,Special Interest,Talk Show,Travel,Variety
https://www.rottentomatoes.com/m/the_long_walk_2025,The Long Walk,R,34800000,0.93,0.61,0,0,0,0,0,0,0,0,0,0,0,0,0,1,0,0,0,1,0,0,0,0,0,0,0,0,0,0,0,0,0,0,0,0,0,0,0,0
https://www.rottentomatoes.com/m/the_roses,The Roses,R,15300000,0.93,0.95,0,0,0,0,0,1,0,0,1,0,0,0,0,0,0,0,0,0,0,0,0,0,0,0,0,0,0,0,0,0,0,0,0,0,0,0,0,0
https://www.rottentomatoes.com/m/afterburn_2025,Afterburn,R,0,0.79,0.78,1,1,0,0,0,1,0,0,0,0,0,0,0,0,0,0,0,0,0,1,0,0,0,0,0,0,0,0,0,0,0,0,0,0,0,0,0,0
https://www.rottentomatoes.com/m/coyotes_2025,Coyotes,R,0,0.93,0.83,0,0,0,0,0,1,0,0,0,0,0,0,0,1,0,0,0,1,0,0,0,0,0,0,0,0,0,0,0,0,0,0,0,0,0,0,0,0
https://www.rottentomatoes.com/m/the_hand_that_rocks_the_cradle_2025,The Hand That Rocks The Cradle,R,0,0.45,0.3,0,0,0,0,0,0,0,0,1,0,0,0,0,0,0,0,0,1,0,0,0,0,0,0,0,0,0,0,0,0,0,0,0,0,0,0,0,0
https://www.rottentomatoes.com/m/a_house_of_dynamite,A HOUSE OF DYNAMITE,R,0,0.95,0.66,0,0,0,0,0,0,0,0,1,0,0,0,0,0,0,0,0,1,0,0,0,0,0,0,0,0,0,0,0,0,0,0,0,0,0,0,0,0
https://www.rottentomatoes.com/m/good_boy_2025,Good Boy,PG-13,6100000,0.95,0.51,0,0,0,0,0,0,0,0,0,0,0,0,0,1,0,0,0,1,0,0,0,0,0,0,0,0,0,0,0,0,0,0,0,0,0,0,0,0
https://www.rottentomatoes.com/m/the_perfect_neighbor_2025,The Perfect Neighbor,R,0,0.86,0.79,0,0,0,0,0,0,1,1,0,0,0,0,0,0,0,0,0,0,0,0,0,0,0,0,0,0,0,0,0,0,0,0,0,0,0,0,0,0
https://www.rottentomatoes.com/m/weapons,Weapons,R,151500000,0.92,0.7,0,0,0,0,0,0,0,0,0,0,0,0,0,1,0,0,0,1,0,0,0,0,0,0,0,0,0,0,0,0,0,0,0,0,0,0,0,0
https://www.rottentomatoes.com/m/the_substance,The Substance,R,17600000,0.84,0.73,0,0,0,0,0,0,0,0,1,0,0,0,0,1,0,0,0,0,0,0,0,0,0,0,0,0,0,0,0,0,0,0,0,0,0,0,0,0
https://www.rottentomatoes.com/m/the_lost_bus,The Lost Bus,R,0,0.91,0.96,0,0,0,0,0,0,0,0,1,0,0,0,0,0,0,0,0,1,0,0,0,0,0,0,0,0,0,0,0,0,0,0,0,0,0,0,0,0
https://www.rottentomatoes.com/m/bring_her_back,Bring Her Back,R,0,0.93,0.61,0,0,0,0,0,0,0,0,0,0,0,0,0,1,0,0,0,1,0,0,0,0,0,0,0,0,0,0,0,0,0,0,0,0,0,0,0,0
https://www.rottentomatoes.com/m/i_know_what_you_did_last_summer_2025,I Know What You Did Last Summer,R,31400000,0.81,0.88,0,0,0,0,0,0,0,0,0,0,0,0,0,1,0,0,0,1,0,0,0,0,0,0,0,0,0,0,0,0,0,0,0,0,0,0,0,0
https://www.rottentomatoes.com/m/sinners_2025,Sinners,R,278500000,0.89,0.79,0,0,0,0,0,0,0,0,1,0,0,0,0,1,0,0,0,1,0,0,0,0,0,0,0,0,0,0,0,0,0,0,0,0,0,0,0,0
https://www.rottentomatoes.com/m/the_conjuring_last_rites,The Conjuring: Last Rites,R,175500000,0.92,0.88,0,0,0,0,0,0,0,0,0,0,0,0,0,1,0,0,0,1,0,0,0,0,0,0,0,0,0,0,0,0,0,0,0,0,0,0,0,0
https://www.rottentomatoes.com/m/28_years_later,28 Years Later,R,70400000,0.87,0.74,0,0,0,0,0,0,0,0,0,0,0,0,0,1,0,0,0,1,0,0,0,0,0,0,0,0,0,0,0,0,0,0,0,0,0,0,0,0
https://www.rottentomatoes.com/m/him_2025_2,HIM,R,24900000,0.83,0.83,0,0,0,0,0,0,0,0,0,0,0,0,0,1,0,0,0,1,0,0,0,0,0,0,0,0,0,0,0,0,0,0,0,0,0,0,0,0
https://www.rottentomatoes.com/m/the_twits,The Twits,PG,0,0.52,0.58,0,1,1,0,0,1,0,0,0,1,0,0,0,0,1,0,0,0,0,0,0,0,0,0,0,0,0,0,0,0,0,0,0,0,0,0,0,0
https://www.rottentomatoes.com/m/kpop_demon_hunters,KPop Demon Hunters,PG,0,0.77,0.97,1,1,1,0,0,1,0,0,0,1,0,0,0,0,0,0,0,0,0,0,0,0,0,0,0,0,0,0,0,0,0,0,0,0,0,0,0,0
https://www.rottentomatoes.com/m/dont_say_a_word,Don't Say a Word,R,55000000,0.55,0.51,0,0,0,0,0,0,0,0,0,0,0,0,0,0,0,0,0,1,0,0,0,0,0,0,0,0,0,0,0,0,0,0,0,0,0,0,0,0
https://www.rottentomatoes.com/m/superman_2025,Superman,PG-13,354200000,0.91,0.91,1,1,0,0,0,0,0,0,0,1,0,0,0,0,0,0,0,0,0,1,0,0,0,0,0,0,0,0,0,0,0,0,0,0,0,0,0,0
https://www.rottentomatoes.com/m/together_2025,Together,R,21300000,0.92,0.86,0,0,0,0,0,0,0,0,0,0,0,0,0,1,0,0,0,0,0,1,0,0,0,0,0,0,0,0,0,0,0,0,0,0,0,0,0,0
https://www.rottentomatoes.com/m/caught_stealing,Caught Stealing,R,18900000,0.95,0.86,0,0,0,0,0,0,1,0,1,0,0,0,0,0,0,0,0,1,0,0,0,0,0,0,0,0,0,0,0,0,0,0,0,0,0,0,0,0
https://www.rottentomatoes.com/m/oddity,Oddity,R,1200000,0.94,0.83,0,0,0,0,0,0,0,0,0,0,0,0,0,1,0,0,0,1,0,0,0,0,0,0,0,0,0,0,0,0,0,0,0,0,0,0,0,0
https://www.rottentomatoes.com/m/play_dirty_2025_2,Play Dirty,R,0,0.8,0.68,1,0,0,0,0,0,1,0,1,0,0,0,0,0,0,0,0,1,0,0,0,0,0,0,0,0,0,0,0,0,0,0,0,0,0,0,0,0
https://www.rottentomatoes.com/m/vicious_2025,Vicious,R,0,0.94,0.83,0,0,0,0,0,0,0,0,0,0,0,0,0,1,0,0,0,1,0,0,0,0,0,0,0,0,0,0,0,0,0,0,0,0,0,0,0,0
https://www.rottentomatoes.com/m/the_fantastic_four_first_steps,The Fantastic Four: First Steps,PG-13,274300000,0.51,0.91,1,1,0,0,0,0,0,0,0,1,0,0,0,0,0,0,0,0,0,1,0,0,0,0,0,0,0,0,0,0,0,0,0,0,0,0,0,0
https://www.rottentomatoes.com/m/the_naked_gun_2025,The Naked Gun,PG-13,52600000,0.85,0.87,1,0,0,0,0,1,1,0,0,0,0,0,0,0,0,0,0,0,0,0,0,0,0,0,0,0,0,0,0,0,0,0,0,0,0,0,0,0
https://www.rottentomatoes.com/m/the_strangers_chapter_2,The Strangers: Chapter 2,R,14600000,0.83,0.83,0,0,0,0,0,0,0,0,0,0,0,0,0,1,0,0,0,1,0,0,0,0,0,0,0,0,0,0,0,0,0,0,0,0,0,0,0,0
https://www.rottentomatoes.com/m/companion_2025,Companion,R,20800000,0.95,0.73,0,0,0,0,0,1,0,0,0,0,0,0,0,1,0,0,0,1,0,1,0,0,0,0,0,0,0,0,0,0,0,0,0,0,0,0,0,0
https://www.rottentomatoes.com/m/steve_2025,Steve,R,0,0.93,0.92,0,0,0,0,0,0,0,0,1,0,0,0,0,0,0,0,0,0,0,0,0,0,0,0,0,0,0,0,0,0,0,0,0,0,0,0,0,0
https://www.rottentomatoes.com/m/materialists,Materialists,R,0,0.8,0.67,0,0,0,0,0,1,0,0,1,0,0,0,0,0,0,0,0,0,1,0,0,0,0,0,0,0,0,0,0,0,0,0,0,0,0,0,0,0
https://www.rottentomatoes.com/m/lurker,Lurker,R,631600,0.84,0.46,0,0,0,0,0,0,0,0,1,0,0,0,0,0,0,0,0,1,0,0,0,0,0,0,0,0,0,0,0,0,0,0,0,0,0,0,0,0
https://www.rottentomatoes.com/m/black_bag,Black Bag,R,21500000,0.83,0.82,0,0,0,0,0,0,0,0,1,0,0,0,0,0,0,0,0,1,0,0,0,0,0,0,0,0,0,0,0,0,0,0,0,0,0,0,0,0
https://www.rottentomatoes.com/m/f1_the_movie,F1 The Movie,PG-13,189500000,0.58,0.9,1,0,0,0,0,0,0,0,1,0,0,0,0,0,0,0,0,0,0,0,1,0,0,0,0,0,0,0,0,0,0,0,0,0,0,0,0,0
https://www.rottentomatoes.com/m/highest_2_lowest,Highest 2 Lowest,R,0,0.96,0.91,0,0,0,0,0,0,1,0,1,0,0,0,0,0,0,0,0,1,0,0,0,0,0,0,0,0,0,0,0,0,0,0,0,0,0,0,0,0
https://www.rottentomatoes.com/m/a_big_bold_beautiful_journey,A Big Bold Beautiful Journey,R,1700000,0.98,0.82,0,0,0,0,0,0,0,0,1,1,0,0,0,0,0,0,0,0,1,0,0,0,0,0,0,0,0,0,0,0,0,0,0,0,0,0,0,0
https://www.rottentomatoes.com/m/jurassic_world_rebirth,Jurassic World Rebirth,PG-13,339600000,0.73,0.87,1,1,0,0,0,0,0,0,0,0,0,0,0,0,0,0,0,0,0,1,0,0,0,0,0,0,0,0,0,0,0,0,0,0,0,0,0,0
https://www.rottentomatoes.com/m/nobody_2,Nobody 2,R,21600000,0.88,0.84,1,0,0,0,0,1,0,0,1,0,0,0,0,0,0,0,0,1,0,0,0,0,0,0,0,0,0,0,0,0,0,0,0,0,0,0,0,0
https://www.rottentomatoes.com/m/friendship_2024,Friendship,R,0,0.72,0.79,0,0,0,0,0,1,0,0,1,0,0,0,0,0,0,0,0,1,0,0,0,0,0,0,0,0,0,0,0,0,0,0,0,0,0,0,0,0
https://www.rottentomatoes.com/m/10011582-tron_legacy,Tron: Legacy,PG,172100000,0.52,0.5,1,0,0,0,0,0,0,0,0,0,0,0,0,0,0,0,0,0,0,1,0,0,0,0,0,0,0,0,0,0,0,0,0,0,0,0,0,0
https://www.rottentomatoes.com/m/the_nightmare_before_christmas,Tim Burton's The Nightmare Before Christmas,PG,6100000,0.13,0.48,0,0,1,0,0,1,0,0,0,1,0,0,1,0,1,0,0,0,0,0,0,0,0,0,0,0,0,0,0,0,0,0,0,0,0,0,0,0
https://www.rottentomatoes.com/m/40_acres,40 Acres,R,767900,0.76,0.94,1,0,0,0,0,0,0,0,0,0,0,0,0,0,0,0,0,1,0,0,0,0,0,0,0,0,0,0,0,0,0,0,0,0,0,0,0,0
https://www.rottentomatoes.com/m/heretic_2024,Heretic,R,0,0.92,0.88,0,0,0,0,0,0,0,0,0,0,0,0,0,1,0,0,0,1,0,0,0,0,0,0,0,0,0,0,0,0,0,0,0,0,0,0,0,0
https://www.rottentomatoes.com/m/postcards_from_the_edge,Postcards From the Edge,R,36900000,0.61,0.7,0,0,0,0,0,1,0,0,1,0,0,0,0,0,0,0,0,0,0,0,0,0,0,0,0,0,0,0,0,0,0,0,0,0,0,0,0,0
https://www.rottentomatoes.com/m/longlegs,Longlegs,R,74200000,0.94,0.83,0,0,0,0,0,0,0,0,0,0,0,0,0,1,0,0,0,1,0,0,0,0,0,0,0,0,0,0,0,0,0,0,0,0,0,0,0,0
https://www.rottentomatoes.com/m/under_the_shadow,Under the Shadow,PG-13,25800,0.18,0.24,0,0,0,0,0,0,0,0,0,0,0,0,0,1,0,0,0,1,0,0,0,0,0,0,0,0,0,0,0,0,0,0,0,0,0,0,0,0
https://www.rottentomatoes.com/m/how_to_train_your_dragon_2025,How to Train Your Dragon,PG,262899999,0.9,0.87,1,1,0,0,0,1,0,0,0,1,0,0,0,0,1,0,0,0,0,0,0,0,0,0,0,0,0,0,0,0,0,0,0,0,0,0,0,0
https://www.rottentomatoes.com/m/gabbys_dollhouse_the_movie,Gabby's Dollhouse: The Movie,G,30000000,0.95,0.79,0,1,1,0,0,1,0,0,0,0,0,0,0,0,1,0,0,0,0,0,0,0,0,0,0,0,0,0,0,0,0,0,0,0,0,0,0,0
https://www.rottentomatoes.com/m/honey_dont,Honey Don't!,R,5800000,0.93,0.89,0,0,0,0,0,1,1,0,1,0,0,0,0,0,0,0,0,1,0,0,0,0,0,0,0,0,0,0,0,0,0,0,0,0,0,0,0,0
https://www.rottentomatoes.com/m/talk_to_me_2023,Talk to Me,R,47600000,0.2,0.85,0,0,0,0,0,0,0,0,0,0,0,0,0,1,0,0,0,1,0,0,0,0,0,0,0,0,0,0,0,0,0,0,0,0,0,0,0,0
https://www.rottentomatoes.com/m/trick_r_treat,Trick 'r Treat,R,0,0.93,0.85,0,0,0,0,0,0,0,0,0,0,0,0,1,1,0,0,0,1,0,0,0,0,0,0,0,0,0,0,0,0,0,0,0,0,0,0,0,0
https://www.rottentomatoes.com/m/the_monkey,The Monkey,R,39700000,0.74,0.58,0,0,0,0,0,1,0,0,0,0,0,0,0,1,0,0,0,0,0,0,0,0,0,0,0,0,0,0,0,0,0,0,0,0,0,0,0,0
https://www.rottentomatoes.com/m/sinister_2012,Sinister,R,48100000,0.83,0.57,0,0,0,0,0,0,0,0,0,0,0,0,0,1,0,0,0,1,0,0,0,0,0,0,0,0,0,0,0,0,0,0,0,0,0,0,0,0
https://www.rottentomatoes.com/m/thunderbolts,Thunderbolts*,PG-13,190300000,0.59,0.82,1,1,0,0,0,0,1,0,1,0,0,0,0,0,0,0,0,0,0,0,0,0,0,0,0,0,0,0,0,0,0,0,0,0,0,0,0,0
https://www.rottentomatoes.com/m/eddington,Eddington,R,0,0.87,0.73,0,0,0,0,0,1,0,0,1,0,0,0,0,0,0,0,0,1,0,0,0,0,0,1,0,0,0,0,0,0,0,0,0,0,0,0,0,0
https://www.rottentomatoes.com/m/strange_harvest,Strange Harvest,R,223200,0.85,0.84,0,0,0,0,0,0,1,0,0,0,0,0,0,1,0,0,0,1,0,0,0,0,0,0,0,0,0,0,0,0,0,0,0,0,0,0,0,0
https://www.rottentomatoes.com/m/the_life_of_chuck,The Life of Chuck,R,6700000,0.96,0.82,0,0,0,0,0,0,0,0,1,1,0,0,0,0,0,0,0,0,0,1,0,0,0,0,0,0,0,0,0,0,0,0,0,0,0,0,0,0
https://www.rottentomatoes.com/m/it_2017,It,R,327500000,0.88,0.44,0,0,0,0,0,0,0,0,0,0,0,0,0,1,0,0,0,1,0,0,0,0,0,0,0,0,0,0,0,0,0,0,0,0,0,0,0,0
https://www.rottentomatoes.com/m/mission_impossible_the_final_reckoning,Mission: Impossible - The Final Reckoning,PG-13,197400000,0.94,0.76,1,1,0,0,0,0,0,0,0,0,0,0,0,0,0,0,0,1,0,0,0,0,0,0,0,0,0,0,0,0,0,0,0,0,0,0,0,0
https://www.rottentomatoes.com/m/warfare,Warfare,R,0,0.91,0.8,1,0,0,0,0,0,0,0,1,0,0,0,0,0,0,0,0,1,0,0,0,0,1,0,0,0,0,0,0,0,0,0,0,0,0,0,0,0
https://www.rottentomatoes.com/m/hereditary,Hereditary,R,44100000,0.86,0.56,0,0,0,0,0,0,0,0,0,0,0,0,0,1,0,0,0,1,0,0,0,0,0,0,0,0,0,0,0,0,0,0,0,0,0,0,0,0
https://www.rottentomatoes.com/m/nosferatu_2024,Nosferatu,R,95400000,0.88,0.66,0,0,0,0,0,0,0,0,0,0,0,0,0,1,0,0,0,0,0,0,0,0,0,0,0,0,0,0,0,0,0,0,0,0,0,0,0,0
https://www.rottentomatoes.com/m/the_toxic_avenger_2023,The Toxic Avenger,R,2100000,0.58,0.78,1,0,0,0,0,1,0,0,0,0,0,0,0,1,0,0,0,0,0,0,0,0,0,0,0,0,0,0,0,0,0,0,0,0,0,0,0,0
https://www.rottentomatoes.com/m/the_ballad_of_wallis_island,The Ballad of Wallis Island,PG-13,1600000,0.7,0.97,0,0,0,0,0,1,0,0,1,0,0,0,0,0,0,1,0,0,0,0,0,0,0,0,0,0,0,0,0,0,0,0,0,0,0,0,0,0
https://www.rottentomatoes.com/m/the_thursday_murder_club,The Thursday Murder Club,PG-13,0,0.96,0.78,0,0,0,0,0,1,1,0,0,0,0,0,0,0,0,0,0,1,0,0,0,0,0,0,0,0,0,0,0,0,0,0,0,0,0,0,0,0
https://www.rottentomatoes.com/m/until_dawn_2025,Until Dawn,R,19600000,0.88,0.63,0,0,0,0,0,0,0,0,0,0,0,0,0,1,0,0,0,1,0,0,0,0,0,0,0,0,0,0,0,0,0,0,0,0,0,0,0,0
https://www.rottentomatoes.com/m/presence_2024,Presence,R,6600000,0.92,0.7,0,0,0,0,0,0,0,0,0,0,0,0,0,1,0,0,0,1,0,0,0,0,0,0,0,0,0,0,0,0,0,0,0,0,0,0,0,0
https://www.rottentomatoes.com/m/parasite_2019,Parasite,R,53700000,0.99,0.9,0,0,0,0,0,1,0,0,1,0,0,0,0,0,0,0,0,1,0,0,0,0,0,0,0,0,0,0,0,0,0,0,0,0,0,0,0,0
https://www.rottentomatoes.com/m/ballerina_2025,Ballerina,R,58000000,0.76,0.94,1,0,0,0,0,0,0,0,0,0,0,0,0,0,0,0,0,1,0,0,0,0,0,0,0,0,0,0,0,0,0,0,0,0,0,0,0,0
https://www.rottentomatoes.com/m/five_nights_at_freddys,Five Nights at Freddy's,PG-13,137300000,0.19,0.42,0,0,0,0,0,0,0,0,0,0,0,0,0,1,0,0,0,1,0,0,0,0,0,0,0,0,0,0,0,0,0,0,0,0,0,0,0,0
https://www.rottentomatoes.com/m/john_candy_i_like_me,John Candy: I Like Me,PG-13,0,0.89,0.98,0,0,0,0,1,0,0,1,0,0,0,0,0,0,0,0,0,0,0,0,0,0,0,0,0,0,0,0,0,0,0,0,0,0,0,0,0,0
https://www.rottentomatoes.com/m/the_baltimorons,The Baltimorons,R,734400,0.82,0.87,0,0,0,0,0,1,0,0,0,0,0,0,0,0,0,0,0,0,0,0,0,0,0,0,0,0,0,0,0,0,0,0,0,0,0,0,0,0
https://www.rottentomatoes.com/m/freakier_friday,Freakier Friday,PG,94200000,0.91,0.85,0,0,0,0,0,1,0,0,0,1,0,0,0,0,1,0,0,0,0,0,0,0,0,0,0,0,0,0,0,0,0,0,0,0,0,0,0,0
https://www.rottentomatoes.com/m/the_senior,The Senior,PG,0,0.83,0.98,0,0,0,0,1,0,0,0,1,0,0,0,0,0,0,0,0,0,0,0,1,0,0,0,0,0,0,0,0,0,0,0,0,0,0,0,0,0
https://www.rottentomatoes.com/m/final_destination_bloodlines,Final Destination Bloodlines,R,137900000,0.88,0.66,0,0,0,0,0,0,0,0,0,0,0,0,0,1,0,0,0,0,0,0,0,0,0,0,0,0,0,0,0,0,0,0,0,0,0,0,0,0
https://www.rottentomatoes.com/m/a_serbian_film,A Serbian Film,NC-17,0,0.09,0.41,0,0,0,0,0,0,0,0,0,0,0,0,0,1,0,0,0,0,0,0,0,0,0,0,0,0,0,0,0,0,0,0,0,0,0,0,0,0
https://www.rottentomatoes.com/m/m3gan_20,M3GAN 2.0,PG-13,24100000,0.91,0.8,1,0,0,0,0,1,0,0,0,0,0,0,0,0,0,0,0,0,0,1,0,0,0,0,0,0,0,0,0,0,0,0,0,0,0,0,0,0
https://www.rottentomatoes.com/m/past_lives,Past Lives,PG-13,9900000,0.64,0.77,0,0,0,0,0,0,0,0,1,0,0,0,0,0,0,0,0,0,1,0,0,0,0,0,0,0,0,0,0,0,0,0,0,0,0,0,0,0
https://www.rottentomatoes.com/m/paranorman,ParaNorman,PG,0,0.81,0.86,0,1,1,0,0,1,0,0,0,1,0,0,0,0,1,0,0,0,0,0,0,0,0,0,0,0,0,0,0,0,0,0,0,0,0,0,0,0
https://www.rottentomatoes.com/m/the_hand_that_rocks_the_cradle,The Hand That Rocks the Cradle,R,87500000,0.14,0.39,0,0,0,0,0,0,0,0,0,0,0,0,0,0,0,0,0,1,0,0,0,0,0,0,0,0,0,0,0,0,0,0,0,0,0,0,0,0
https://www.rottentomatoes.com/m/1009113-halloween,Halloween,R,47500000,0.56,0.52,0,0,0,0,0,0,0,0,0,0,0,0,1,1,0,0,0,1,0,0,0,0,0,0,0,0,0,0,0,0,0,0,0,0,0,0,0,0
https://www.rottentomatoes.com/m/sketch_2024,Sketch,PG,0,0.93,0.9,0,1,0,0,0,1,0,0,0,1,0,0,0,0,1,0,0,0,0,0,0,0,0,0,0,0,0,0,0,0,0,0,0,0,0,0,0,0
https://www.rottentomatoes.com/m/barbarian_2022,Barbarian,R,40800000,0.21,0.45,0,0,0,0,0,0,0,0,0,0,0,0,0,1,0,0,0,1,0,0,0,0,0,0,0,0,0,0,0,0,0,0,0,0,0,0,0,0
https://www.rottentomatoes.com/m/interstellar_2014,Interstellar,PG-13,188000000,0.12,0.36,1,1,0,0,0,0,0,0,0,0,0,0,0,0,0,0,0,0,0,1,0,0,0,0,0,0,0,0,0,0,0,0,0,0,0,0,0,0
https://www.rottentomatoes.com/m/drop_2025,Drop,PG-13,16600000,0.84,0.7,0,0,0,0,0,0,0,0,0,0,0,0,0,0,0,0,0,1,0,0,0,0,0,0,0,0,0,0,0,0,0,0,0,0,0,0,0,0
https://www.rottentomatoes.com/m/karate_kid_legends,Karate Kid: Legends,PG-13,52400000,0.82,0.97,1,0,0,0,0,0,0,0,1,0,0,0,0,0,0,0,0,0,0,0,0,0,0,0,0,0,0,0,0,0,0,0,0,0,0,0,0,0
https://www.rottentomatoes.com/m/fifty_shades_of_grey,Fifty Shades of Grey,R,166100000,0.54,0.46,0,0,0,0,0,0,0,0,1,0,0,0,0,0,0,0,0,0,1,0,0,0,0,0,0,0,0,0,0,0,0,0,0,0,0,0,0,0
https://www.rottentomatoes.com/m/a_team,The A-Team,PG-13,77200000,0.03,0.18,1,1,0,0,0,0,0,0,0,0,0,0,0,0,0,0,0,0,0,0,0,0,0,0,0,0,0,0,0,0,0,0,0,0,0,0,0,0
https://www.rottentomatoes.com/m/anyone_but_you_2023,Anyone But You,R,88100000,0.51,0.57,0,0,0,0,0,1,0,0,0,0,0,0,0,0,0,0,0,0,1,0,0,0,0,0,0,0,0,0,0,0,0,0,0,0,0,0,0,0
https://www.rottentomatoes.com/m/get_out,Get Out,R,176000000,0.89,0.78,0,0,0,0,0,1,0,0,0,0,0,0,0,1,0,0,0,1,0,0,0,0,0,0,0,0,0,0,0,0,0,0,0,0,0,0,0,0
https://www.rottentomatoes.com/m/hocus_pocus_2,Hocus Pocus 2,PG,0,0.73,0.93,0,0,0,0,0,1,0,0,0,1,0,0,1,0,1,0,0,0,0,0,0,0,0,0,0,0,0,0,0,0,0,0,0,0,0,0,0,0
https://www.rottentomatoes.com/m/it_chapter_two,It: Chapter Two,R,211600000,0.64,0.57,0,0,0,0,0,0,0,0,0,0,0,0,0,1,0,0,0,1,0,0,0,0,0,0,0,0,0,0,0,0,0,0,0,0,0,0,0,0
https://www.rottentomatoes.com/m/wicked_2024,Wicked,PG,473200000,0.57,0.94,0,1,0,0,0,0,0,0,0,1,0,0,0,0,1,0,1,0,0,0,0,0,0,0,0,0,0,0,0,0,0,0,0,0,0,0,0,0
https://www.rottentomatoes.com/m/downton_abbey_the_grand_finale,Downton Abbey: The Grand Finale,PG,44800000,0.93,0.82,0,0,0,0,0,0,0,0,1,0,0,0,0,0,0,0,0,0,0,0,0,0,0,0,0,0,0,0,0,0,0,0,0,0,0,0,0,0
https://www.rottentomatoes.com/m/the_maze_runner,The Maze Runner,PG-13,81300000,0.47,0.44,1,1,0,0,0,0,0,0,0,0,0,0,0,0,0,0,0,1,0,1,0,0,0,0,0,0,0,0,0,0,0,0,0,0,0,0,0,0
https://www.rottentomatoes.com/m/let_the_right_one_in,Let the Right One In,R,2100000,0.29,0.25,0,0,0,0,0,0,0,0,0,0,0,0,0,1,0,0,0,0,0,0,0,0,0,0,0,0,0,0,0,0,0,0,0,0,0,0,0,0
https://www.rottentomatoes.com/m/relay,Relay,R,0,0.71,0.53,1,0,0,0,0,0,0,0,0,0,0,0,0,0,0,0,0,1,0,0,0,0,0,0,0,0,0,0,0,0,0,0,0,0,0,0,0,0
https://www.rottentomatoes.com/m/the_cabin_in_the_woods,The Cabin in the Woods,R,42000000,0.68,0.85,0,0,0,0,0,1,0,0,0,0,0,0,0,1,0,0,0,1,0,0,0,0,0,0,0,0,0,0,0,0,0,0,0,0,0,0,0,0
https://www.rottentomatoes.com/m/mickey_17,Mickey 17,R,46000000,0.88,0.84,0,0,0,0,0,1,0,0,1,0,0,0,0,0,0,0,0,1,0,1,0,0,0,0,0,0,0,0,0,0,0,0,0,0,0,0,0,0
https://www.rottentomatoes.com/m/dangerous_animals,Dangerous Animals,R,2700000,0.78,0.89,0,0,0,0,0,0,0,0,0,0,0,0,0,1,0,0,0,1,0,0,0,0,0,0,0,0,0,0,0,0,0,0,0,0,0,0,0,0
https://www.rottentomatoes.com/m/the_witch_2016,The Witch,R,25100000,0.78,0.57,0,0,0,0,0,0,0,0,1,0,0,1,0,1,0,0,0,0,0,0,0,0,0,0,0,0,0,0,0,0,0,0,0,0,0,0,0,0
https://www.rottentomatoes.com/m/1074316-scream,Scream,R,103700000,0.67,0.61,0,0,0,0,0,1,0,0,0,0,0,0,0,1,0,0,0,0,0,0,0,0,0,0,0,0,0,0,0,0,0,0,0,0,0,0,0,0
https://www.rottentomatoes.com/m/maintenance_required,Maintenance Required,PG-13,0,0.33,0.38,0,0,0,0,0,1,0,0,0,0,0,0,0,0,0,0,0,0,1,0,0,0,0,0,0,0,0,0,0,0,0,0,0,0,0,0,0,0
https://www.rottentomatoes.com/m/babygirl_2024,Babygirl,R,0,0.93,0.79,0,0,0,0,0,0,1,0,1,0,0,0,0,0,0,0,0,1,1,0,0,0,0,0,0,0,0,0,0,0,0,0,0,0,0,0,0,0
https://www.rottentomatoes.com/m/tron,Tron,PG,0,0.87,0.9,1,0,0,0,0,0,0,0,0,0,0,0,0,0,0,0,0,0,0,1,0,0,0,0,0,0,0,0,0,0,0,0,0,0,0,0,0,0
https://www.rottentomatoes.com/m/the_menu,The Menu,R,38500000,0.89,0.78,0,0,0,0,0,1,0,0,0,0,0,0,0,1,0,0,0,1,0,0,0,0,0,0,0,0,0,0,0,0,0,0,0,0,0,0,0,0
https://www.rottentomatoes.com/m/coraline,Coraline,PG,94200000,0.06,0.34,0,0,1,0,0,0,0,0,0,1,0,0,0,0,1,0,0,0,0,0,0,0,0,0,0,0,0,0,0,0,0,0,0,0,0,0,0,0
https://www.rottentomatoes.com/m/it_follows,It Follows,R,14700000,0.75,0.54,0,0,0,0,0,0,0,0,0,0,0,0,0,1,0,0,0,1,0,0,0,0,0,0,0,0,0,0,0,0,0,0,0,0,0,0,0,0
https://www.rottentomatoes.com/m/28_days_later,28 Days Later,R,45100000,0.24,0.36,0,0,0,0,0,0,0,0,0,0,0,0,0,1,0,0,0,1,0,0,0,0,0,0,0,0,0,0,0,0,0,0,0,0,0,0,0,0
https://www.rottentomatoes.com/m/the_unholy_trinity,The Unholy Trinity,R,996300,0.97,0.97,0,0,0,0,0,0,0,0,0,0,0,0,0,0,0,0,0,0,0,0,0,0,0,1,0,0,0,0,0,0,0,0,0,0,0,0,0,0
https://www.rottentomatoes.com/m/the_phoenician_scheme,The Phoenician Scheme,PG-13,19500000,0.88,0.93,1,0,0,0,0,1,1,0,1,0,0,0,0,0,0,0,0,1,0,0,0,0,0,0,0,0,0,0,0,0,0,0,0,0,0,0,0,0
https://www.rottentomatoes.com/m/elio,Elio,PG,73000000,0.95,0.9,0,1,1,0,0,1,0,0,0,0,0,0,0,0,1,0,0,0,0,1,0,0,0,0,0,0,0,0,0,0,0,0,0,0,0,0,0,0
https://www.rottentomatoes.com/m/the_amateur_2025,The Amateur,PG-13,40800000,0.83,0.95,1,0,0,0,0,0,0,0,1,0,0,0,0,0,0,0,0,1,0,0,0,0,0,0,0,0,0,0,0,0,0,0,0,0,0,0,0,0
https://www.rottentomatoes.com/m/after_2019,After,PG-13,12100000,0.54,0.88,0,0,0,0,0,0,0,0,1,0,0,0,0,0,0,0,0,0,1,0,0,0,0,0,0,0,0,0,0,0,0,0,0,0,0,0,0,0
https://www.rottentomatoes.com/m/marvels_the_avengers,Marvel's the Avengers,PG-13,0,0.79,0.45,1,1,0,0,0,0,0,0,0,1,0,0,0,0,0,0,0,0,0,1,0,0,0,0,0,0,0,0,0,0,0,0,0,0,0,0,0,0
https://www.rottentomatoes.com/m/the_gorge,The Gorge,PG-13,0,0.75,0.9,1,1,0,0,0,0,0,0,0,0,0,0,0,1,0,0,0,1,1,0,0,0,0,0,0,0,0,0,0,0,0,0,0,0,0,0,0,0
https://www.rottentomatoes.com/m/the_order_2024,The Order,R,1900000,0.75,0.91,0,0,0,0,0,0,1,0,1,0,0,0,0,0,0,0,0,1,0,0,0,0,0,0,0,0,0,0,0,0,0,0,0,0,0,0,0,0
https://www.rottentomatoes.com/m/a_complete_unknown,A Complete Unknown,R,75000000,0.84,0.64,0,0,0,0,1,0,0,0,1,0,0,0,0,0,0,1,0,0,0,0,0,0,0,0,0,0,0,0,0,0,0,0,0,0,0,0,0,0
https://www.rottentomatoes.com/m/godzilla_minus_one,Godzilla Minus One,PG-13,56900000,0.99,0.98,1,1,0,0,0,0,0,0,0,0,0,0,0,0,0,0,0,0,0,1,0,0,0,0,0,0,0,0,0,0,0,0,0,0,0,0,0,0
https://www.rottentomatoes.com/m/xx,XX,R,30100,0.21,0.21,0,0,0,0,0,0,0,0,0,0,0,0,0,1,0,0,0,0,0,0,0,0,0,0,0,0,0,0,0,0,0,0,0,0,0,0,0,0
https://www.rottentomatoes.com/m/the_man_in_my_basement,The Man in My Basement,R,0,0.94,0.73,0,0,0,0,0,0,0,0,0,0,0,0,0,0,0,0,0,1,0,0,0,0,0,0,0,0,0,0,0,0,0,0,0,0,0,0,0,0
https://www.rottentomatoes.com/m/x_2022,X,R,11600000,0.69,0.4,0,0,0,0,0,0,0,0,0,0,0,0,0,1,0,0,0,1,0,0,0,0,0,0,0,0,0,0,0,0,0,0,0,0,0,0,0,0
https://www.rottentomatoes.com/m/anora,Anora,R,20500000,0.95,0.82,0,0,0,0,0,1,0,0,1,0,0,0,0,0,0,0,0,0,1,0,0,0,0,0,0,0,0,0,0,0,0,0,0,0,0,0,0,0
https://www.rottentomatoes.com/m/splitsville_2025,Splitsville,R,1900000,0.82,0.87,0,0,0,0,0,1,0,0,0,0,0,0,0,0,0,0,0,0,1,0,0,0,0,0,0,0,0,0,0,0,0,0,0,0,0,0,0,0
https://www.rottentomatoes.com/m/smile_2,Smile 2,R,52600000,0.84,0.72,0,0,0,0,0,0,0,0,0,0,0,0,0,1,0,0,0,1,0,0,0,0,0,0,0,0,0,0,0,0,0,0,0,0,0,0,0,0
https://www.rottentomatoes.com/m/hit_man_2023,Hit Man,R,0,0.91,0.79,1,0,0,0,0,1,1,0,0,0,0,0,0,0,0,0,0,1,1,0,0,0,0,0,0,0,0,0,0,0,0,0,0,0,0,0,0,0
https://www.rottentomatoes.com/m/the_conjuring,The Conjuring,R,137400000,0.56,0.83,0,0,0,0,0,0,0,0,0,0,0,0,0,1,0,0,0,1,0,0,0,0,0,0,0,0,0,0,0,0,0,0,0,0,0,0,0,0
https://www.rottentomatoes.com/m/the_damned_2024_2,The Damned,R,0,0.89,0.76,0,0,0,0,0,0,0,0,0,0,0,0,0,1,0,0,0,0,0,0,0,0,0,0,0,0,0,0,0,0,0,0,0,0,0,0,0,0
https://www.rottentomatoes.com/m/megalopolis,Megalopolis,R,7400000,0.92,0.8,0,0,0,0,0,0,0,0,1,1,0,0,0,0,0,0,0,0,0,1,0,0,0,0,0,0,0,0,0,0,0,0,0,0,0,0,0,0
https://www.rottentomatoes.com/m/the_godfather,The Godfather,R,134800000,0.79,0.59,0,0,0,0,0,0,1,0,1,0,0,0,0,0,0,0,0,0,0,0,0,0,0,0,0,0,0,0,0,0,0,0,0,0,0,0,0,0
https://www.rottentomatoes.com/m/practical_magic,Practical Magic,PG-13,46800000,0.26,0.26,0,0,0,0,0,1,0,0,1,0,0,0,0,0,0,0,0,0,0,0,0,0,0,0,0,0,0,0,0,0,0,0,0,0,0,0,0,0
https://www.rottentomatoes.com/m/original_sin,Original Sin,R,16500000,0.69,0.77,0,0,0,0,0,0,0,0,1,0,0,0,0,0,0,0,0,1,1,0,0,0,0,0,0,0,0,0,0,0,0,0,0,0,0,0,0,0
https://www.rottentomatoes.com/m/the_bad_guys_2,The Bad Guys 2,PG,82200000,0.97,0.75,0,1,1,0,0,1,0,0,0,0,0,0,0,0,1,0,0,0,0,0,0,0,0,0,0,0,0,0,0,0,0,0,0,0,0,0,0,0
https://www.rottentomatoes.com/m/hocus_pocus,Hocus Pocus,PG,1700000,0.2,0.33,0,0,0,0,0,1,0,0,0,1,0,0,1,0,1,0,0,0,0,0,0,0,0,0,0,0,0,0,0,0,0,0,0,0,0,0,0,0
https://www.rottentomatoes.com/m/late_night_with_the_devil,Late Night with the Devil,R,10000000,0.96,0.85,0,0,0,0,0,0,0,0,0,0,0,0,0,1,0,0,0,1,0,0,0,0,0,0,0,0,0,0,0,0,0,0,0,0,0,0,0,0
https://www.rottentomatoes.com/m/twilight,Twilight,PG-13,191400000,0.12,0.44,0,0,0,0,0,0,0,0,0,1,0,0,0,0,0,0,0,0,1,0,0,0,0,0,0,0,0,0,0,0,0,0,0,0,0,0,0,0
https://www.rottentomatoes.com/m/psycho,Psycho,R,0,0.67,0.62,0,0,0,0,0,0,0,0,0,0,0,0,0,1,0,0,0,1,0,0,0,0,0,0,0,0,0,0,0,0,0,0,0,0,0,0,0,0
https://www.rottentomatoes.com/m/1021112-texas_chainsaw_massacre,The Texas Chain Saw Massacre,R,0,0.36,0.4,0,0,0,0,0,0,0,0,0,0,0,0,0,1,0,0,0,1,0,0,0,0,0,0,0,0,0,0,0,0,0,0,0,0,0,0,0,0
https://www.rottentomatoes.com/m/smile_2022,Smile,R,105900000,0.88,0.69,0,0,0,0,0,0,0,0,0,0,0,0,0,1,0,0,0,1,0,0,0,0,0,0,0,0,0,0,0,0,0,0,0,0,0,0,0,0
https://www.rottentomatoes.com/m/predator_killer_of_killers,Predator: Killer of Killers,R,0,0.78,0.94,1,1,1,0,0,0,0,0,0,0,0,0,0,0,0,0,0,1,0,1,0,0,0,0,0,0,0,0,0,0,0,0,0,0,0,0,0,0
https://www.rottentomatoes.com/m/captain_america_brave_new_world,Captain America: Brave New World,PG-13,200500000,0.93,0.83,1,1,0,0,0,0,0,0,0,1,0,0,0,0,0,0,0,0,0,0,0,0,0,0,0,0,0,0,0,0,0,0,0,0,0,0,0,0
https://www.rottentomatoes.com/m/speak_no_evil_2024,Speak No Evil,R,36900000,1.0,0.57,0,0,0,0,0,0,0,0,1,0,0,0,0,1,0,0,0,1,0,0,0,0,0,0,0,0,0,0,0,0,0,0,0,0,0,0,0,0
https://www.rottentomatoes.com/m/it_ends_with_us,It Ends With Us,PG-13,148300000,0.54,0.85,0,0,0,0,0,0,0,0,1,0,0,0,0,0,0,0,0,0,1,0,0,0,0,0,0,0,0,0,0,0,0,0,0,0,0,0,0,0
https://www.rottentomatoes.com/m/beast_of_war,Beast of War,R,0,0.85,0.84,0,0,0,0,0,0,0,0,0,0,0,0,0,0,0,0,0,1,0,0,0,0,0,0,0,0,0,0,0,0,0,0,0,0,0,0,0,0
https://www.rottentomatoes.com/m/a_minecraft_movie,A Minecraft Movie,PG,423900000,0.92,0.9,1,1,0,0,0,1,0,0,0,1,0,0,0,0,1,0,0,0,0,0,0,0,0,0,0,0,0,0,0,0,0,0,0,0,0,0,0,0
https://www.rottentomatoes.com/m/sundown_2022,Sundown,R,229500,0.75,0.72,0,0,0,0,0,0,0,0,1,0,0,0,0,0,0,0,0,0,0,0,0,0,0,0,0,0,0,0,0,0,0,0,0,0,0,0,0,0
https://www.rottentomatoes.com/m/sorry_baby,"Sorry, Baby",R,0,0.97,0.9,0,0,0,0,0,0,0,0,1,0,0,0,0,0,0,0,0,0,0,0,0,0,0,0,0,0,0,0,0,0,0,0,0,0,0,0,0,0
https://www.rottentomatoes.com/m/the_woman_in_the_yard,The Woman in the Yard,PG-13,22400000,0.83,0.58,0,0,0,0,0,0,0,0,0,0,0,0,0,1,0,0,0,1,0,0,0,0,0,0,0,0,0,0,0,0,0,0,0,0,0,0,0,0
https://www.rottentomatoes.com/m/small_things_like_these,Small Things Like These,PG-13,1600000,0.97,0.93,0,0,0,0,0,0,0,0,1,0,0,0,0,0,0,0,0,0,0,0,0,0,0,0,0,0,0,0,0,0,0,0,0,0,0,0,0,0
https://www.rottentomatoes.com/m/midsommar,Midsommar,R,27400000,0.33,0.34,0,0,0,0,0,0,0,0,0,0,0,0,0,1,0,0,0,1,0,0,0,0,0,0,0,0,0,0,0,0,0,0,0,0,0,0,0,0
https://www.rottentomatoes.com/m/descent,The Descent,R,26000000,1.0,0.45,0,1,0,0,0,0,0,0,0,0,0,0,0,1,0,0,0,1,0,0,0,0,0,0,0,0,0,0,0,0,0,0,0,0,0,0,0,0
https://www.rottentomatoes.com/m/halloween_2018,Halloween,R,159500000,0.41,0.42,0,0,0,0,0,0,0,0,0,0,0,0,1,1,0,0,0,1,0,0,0,0,0,0,0,0,0,0,0,0,0,0,0,0,0,0,0,0
https://www.rottentomatoes.com/m/beetlejuice_beetlejuice,Beetlejuice Beetlejuice,PG-13,292100000,0.42,0.81,0,0,0,0,0,1,0,0,0,1,0,0,0,0,0,0,0,0,0,0,0,0,0,0,0,0,0,0,0,0,0,0,0,0,0,0,0,0
https://www.rottentomatoes.com/m/knives_out,Knives Out,PG-13,165400000,0.37,0.66,0,0,0,0,0,1,0,0,1,0,0,0,0,0,0,0,0,1,0,0,0,0,0,0,0,0,0,0,0,0,0,0,0,0,0,0,0,0
https://www.rottentomatoes.com/m/novocaine_2025,Novocaine,R,19800000,0.57,0.66,1,0,0,0,0,1,0,0,0,0,0,0,0,0,0,0,0,1,0,0,0,0,0,0,0,0,0,0,0,0,0,0,0,0,0,0,0,0
https://www.rottentomatoes.com/m/the_surfer_2024,The Surfer,R,1300000,0.96,0.7,0,0,0,0,0,0,0,0,1,0,0,0,0,0,0,0,0,1,0,0,0,0,0,0,0,0,0,0,0,0,0,0,0,0,0,0,0,0
https://www.rottentomatoes.com/m/death_of_a_unicorn,Death of a Unicorn,R,0,0.78,0.94,1,1,0,0,0,1,0,0,0,0,0,0,0,0,0,0,0,1,0,0,0,0,0,0,0,0,0,0,0,0,0,0,0,0,0,0,0,0
https://www.rottentomatoes.com/m/avengers_endgame,Avengers: Endgame,PG-13,858400000,0.9,0.89,1,1,0,0,0,0,0,0,0,1,0,0,0,0,0,0,0,0,0,1,0,0,0,0,0,0,0,0,0,0,0,0,0,0,0,0,0,0
https://www.rottentomatoes.com/m/premonition,Premonition,PG-13,47900000,0.56,0.58,0,0,0,0,0,0,0,0,1,0,0,0,0,0,0,0,0,1,0,0,0,0,0,0,0,0,0,0,0,0,0,0,0,0,0,0,0,0
https://www.rottentomatoes.com/m/nightmare_on_elm_street,A Nightmare on Elm Street,R,57300000,0.77,0.67,0,0,0,0,0,0,0,0,0,0,0,0,0,1,0,0,0,1,0,0,0,0,0,0,0,0,0,0,0,0,0,0,0,0,0,0,0,0
https://www.rottentomatoes.com/m/killers_of_the_flower_moon,Killers of the Flower Moon,R,68000000,0.23,0.64,0,0,0,0,0,0,1,0,1,0,0,0,0,0,0,0,0,0,0,0,0,0,0,0,0,0,0,0,0,0,0,0,0,0,0,0,0,0
https://www.rottentomatoes.com/m/tangerine_2015,Tangerine,R,701800,0.49,0.44,0,0,0,0,0,1,0,0,1,0,0,0,0,0,0,0,0,0,0,0,0,0,0,0,0,0,0,0,0,0,0,0,0,0,0,0,0,0
https://www.rottentomatoes.com/m/wolf_man_2025,Wolf Man,R,20600000,0.93,0.85,0,0,0,0,0,0,0,0,0,0,0,0,0,1,0,0,0,1,0,0,0,0,0,0,0,0,0,0,0,0,0,0,0,0,0,0,0,0
https://www.rottentomatoes.com/m/the_holdovers,The Holdovers,R,20300000,0.82,0.85,0,0,0,0,0,1,0,0,1,0,0,0,1,0,0,0,0,0,0,0,0,0,0,0,0,0,0,0,0,0,0,0,0,0,0,0,0,0
https://www.rottentomatoes.com/m/poor_things,Poor Things,R,34500000,0.25,0.29,0,0,0,0,0,1,0,0,0,1,0,0,0,0,0,0,0,0,1,1,0,0,0,0,0,0,0,0,0,0,0,0,0,0,0,0,0,0
https://www.rottentomatoes.com/m/law_abiding_citizen,Law Abiding Citizen,R,73300000,0.83,0.82,0,0,0,0,0,0,1,0,1,0,0,0,0,0,0,0,0,1,0,0,0,0,0,0,0,0,0,0,0,0,0,0,0,0,0,0,0,0
https://www.rottentomatoes.com/m/bullet_train_2022,Bullet Train,R,103100000,0.87,0.87,1,0,0,0,0,1,0,0,0,0,0,0,0,0,0,0,0,0,0,0,0,0,0,0,0,0,0,0,0,0,0,0,0,0,0,0,0,0
https://www.rottentomatoes.com/m/doctor_sleep,Doctor Sleep,R,31600000,0.5,0.53,0,0,0,0,0,0,0,0,0,0,0,0,0,1,0,0,0,1,0,0,0,0,0,0,0,0,0,0,0,0,0,0,0,0,0,0,0,0
https://www.rottentomatoes.com/m/spirited_away,Spirited Away,PG,10000000,0.96,0.96,0,1,1,0,0,0,0,0,0,1,0,0,0,0,0,0,0,0,0,0,0,0,0,0,0,0,0,0,0,0,0,0,0,0,0,0,0,0
https://www.rottentomatoes.com/m/halloweentown,Halloweentown,TV-PG,0,0.5,0.38,0,0,0,0,0,1,0,0,1,0,0,0,0,0,1,0,0,0,0,0,0,0,0,0,0,0,0,0,0,0,0,0,0,0,0,0,0,0
https://www.rottentomatoes.com/m/kingdom_of_heaven,Kingdom of Heaven,R,47400000,0.85,0.85,0,1,0,0,0,0,0,0,1,0,0,1,0,0,0,0,0,0,0,0,0,0,1,0,0,0,0,0,0,0,0,0,0,0,0,0,0,0
https://www.rottentomatoes.com/m/the_invisible_man_2020,The Invisible Man,R,64300000,0.48,0.55,0,0,0,0,0,0,0,0,0,0,0,0,0,1,0,0,0,1,0,0,0,0,0,0,0,0,0,0,0,0,0,0,0,0,0,0,0,0
https://www.rottentomatoes.com/m/clown_in_a_cornfield,Clown in a Cornfield,R,7300000,0.65,0.71,0,0,0,0,0,1,0,0,0,0,0,0,0,1,0,0,0,0,0,0,0,0,0,0,0,0,0,0,0,0,0,0,0,0,0,0,0,0
https://www.rottentomatoes.com/m/drag_me_to_hell,Drag Me to Hell,PG-13,42100000,0.12,0.4,0,0,0,0,0,0,0,0,0,0,0,0,0,1,0,0,0,1,0,0,0,0,0,0,0,0,0,0,0,0,0,0,0,0,0,0,0,0
https://www.rottentomatoes.com/m/corpse_bride,Tim Burton's Corpse Bride,PG,53400000,0.89,0.69,0,0,1,0,0,0,0,0,0,1,0,0,0,0,1,0,0,0,0,0,0,0,0,0,0,0,0,0,0,0,0,0,0,0,0,0,0,0
https://www.rottentomatoes.com/m/the_strangers,The Strangers,R,52500000,0.52,0.3,0,0,0,0,0,0,0,0,0,0,0,0,0,1,0,0,0,1,0,0,0,0,0,0,0,0,0,0,0,0,0,0,0,0,0,0,0,0
https://www.rottentomatoes.com/m/enemy_2013,Enemy,R,1000000,0.44,0.23,0,0,0,0,0,0,0,0,0,0,0,0,0,0,0,0,0,1,0,0,0,0,0,0,0,0,0,0,0,0,0,0,0,0,0,0,0,0
https://www.rottentomatoes.com/m/la_confidential,L.A. Confidential,R,64599999,0.71,0.64,0,0,0,0,0,0,1,0,1,0,0,0,0,0,0,0,0,0,0,0,0,0,0,0,0,0,0,0,0,0,0,0,0,0,0,0,0,0
https://www.rottentomatoes.com/m/the_marvels,The Marvels,PG-13,84500000,0.33,0.79,1,1,0,0,0,0,0,0,0,1,0,0,0,0,0,0,0,0,0,0,0,0,0,0,0,0,0,0,0,0,0,0,0,0,0,0,0,0
https://www.rottentomatoes.com/m/i_know_what_you_did_last_summer,I Know What You Did Last Summer,R,72200000,0.1,0.29,0,0,0,0,0,0,0,0,0,0,0,0,0,1,0,0,0,1,0,0,0,0,0,0,0,0,0,0,0,0,0,0,0,0,0,0,0,0
https://www.rottentomatoes.com/m/the_empty_man,The Empty Man,R,3000000,0.71,0.54,0,0,0,0,0,0,0,0,0,0,0,0,0,1,0,0,0,1,0,0,0,0,0,0,0,0,0,0,0,0,0,0,0,0,0,0,0,0
https://www.rottentomatoes.com/m/disneys_snow_white,Disney's Snow White,PG,87200000,0.88,0.72,0,1,0,0,0,0,0,0,1,1,0,0,0,0,1,0,0,0,0,0,0,0,0,0,0,0,0,0,0,0,0,0,0,0,0,0,0,0
https://www.rottentomatoes.com/m/1198124-shutter_island,Shutter Island,R,128000000,0.61,0.82,0,0,0,0,0,0,0,0,1,0,0,0,0,0,0,0,0,1,0,0,0,0,0,0,0,0,0,0,0,0,0,0,0,0,0,0,0,0
https://www.rottentomatoes.com/m/us_2019,Us,R,175000000,0.48,0.55,0,0,0,0,0,0,0,0,0,0,0,0,0,1,0,0,0,1,0,0,0,0,0,0,0,0,0,0,0,0,0,0,0,0,0,0,0,0
https://www.rottentomatoes.com/m/the_threesome,The Threesome,R,590600,0.81,0.81,0,0,0,0,0,1,0,0,1,0,0,0,0,0,0,0,0,0,1,0,0,0,0,0,0,0,0,0,0,0,0,0,0,0,0,0,0,0
https://www.rottentomatoes.com/m/i_saw_the_tv_glow,I Saw the TV Glow,PG-13,4500000,0.96,0.83,0,0,0,0,0,0,0,0,1,0,1,0,0,1,0,0,0,1,0,1,0,0,0,0,0,0,0,0,0,0,0,0,0,0,0,0,0,0
https://www.rottentomatoes.com/m/deep_cover_2025,Deep Cover,R,0,0.68,0.89,0,0,0,0,0,1,1,0,1,0,0,0,0,0,0,0,0,0,0,0,0,0,0,0,0,0,0,0,0,0,0,0,0,0,0,0,0,0
https://www.rottentomatoes.com/m/silence_of_the_lambs,The Silence of the Lambs,R,130699999,0.94,0.77,0,0,0,0,0,0,1,0,1,0,0,0,0,0,0,0,0,1,0,0,0,0,0,0,0,0,0,0,0,0,0,0,0,0,0,0,0,0
https://www.rottentomatoes.com/m/1021244-thing,The Thing,R,0,0.67,0.62,0,0,0,0,0,0,0,0,0,0,0,0,0,1,0,0,0,1,0,1,0,0,0,0,0,0,0,0,0,0,0,0,0,0,0,0,0,0
https://www.rottentomatoes.com/m/shining,The Shining,R,0,0.3,0.36,0,0,0,0,0,0,0,0,0,0,0,0,0,1,0,0,0,1,0,0,0,0,0,0,0,0,0,0,0,0,0,0,0,0,0,0,0,0
https://www.rottentomatoes.com/m/interview_with_the_vampire,Interview With the Vampire,R,104700000,0.68,0.39,0,0,0,0,0,0,0,0,1,0,0,0,0,1,0,0,0,0,1,0,0,0,0,0,0,0,0,0,0,0,0,0,0,0,0,0,0,0
https://www.rottentomatoes.com/m/the_first_omen,The First Omen,R,20100000,0.86,0.61,0,0,0,0,0,0,0,0,0,0,0,0,0,1,0,0,0,1,0,0,0,0,0,0,0,0,0,0,0,0,0,0,0,0,0,0,0,0
https://www.rottentomatoes.com/m/fight_or_flight_2025,Fight or Flight,R,3200000,0.52,0.76,1,0,0,0,0,1,0,0,0,0,0,0,0,0,0,0,0,0,0,0,0,0,0,0,0,0,0,0,0,0,0,0,0,0,0,0,0,0
https://www.rottentomatoes.com/m/1112357-scoobydoo,Scooby-Doo,PG,153300000,0.15,0.42,0,1,0,0,0,1,0,0,0,0,0,0,0,0,1,0,0,0,0,0,0,0,0,0,0,0,0,0,0,0,0,0,0,0,0,0,0,0
https://www.rottentomatoes.com/m/american_psycho,American Psycho,R,15000000,0.76,0.76,0,0,0,0,0,1,0,0,0,0,0,0,0,1,0,0,0,1,0,0,0,0,0,0,0,0,0,0,0,0,0,0,0,0,0,0,0,0
https://www.rottentomatoes.com/m/the_gentlemen,The Gentlemen,R,36500000,0.8,0.44,0,0,0,0,0,1,1,0,1,0,0,0,0,0,0,0,0,0,0,0,0,0,0,0,0,0,0,0,0,0,0,0,0,0,0,0,0,0
https://www.rottentomatoes.com/m/silence_2017,Silence,R,7100000,0.0,0.52,0,0,0,0,0,0,0,0,1,0,0,1,0,0,0,0,0,0,0,0,0,0,0,0,0,0,0,0,0,0,0,0,0,0,0,0,0,0
https://www.rottentomatoes.com/m/a_working_man,A Working Man,R,37000000,0.75,0.92,1,0,0,0,0,0,0,0,0,0,0,0,0,0,0,0,0,1,0,0,0,0,0,0,0,0,0,0,0,0,0,0,0,0,0,0,0,0
https://www.rottentomatoes.com/m/flow_2024,Flow,PG,4800000,0.9,0.87,0,1,1,0,0,0,0,0,0,1,0,0,0,0,1,0,0,0,0,0,0,0,0,0,0,0,0,0,0,0,0,0,0,0,0,0,0,0
https://www.rottentomatoes.com/m/the_wild_robot,The Wild Robot,PG,0,0.97,0.75,0,1,1,0,0,0,0,0,0,0,0,0,0,0,1,0,0,0,0,0,0,0,0,0,0,0,0,0,0,0,0,0,0,0,0,0,0,0
https://www.rottentomatoes.com/m/vacation_2013,Vacation,R,58900000,0.92,0.72,0,1,0,0,0,1,0,0,0,0,0,0,0,0,0,0,0,0,0,0,0,0,0,0,0,0,0,0,0,0,0,0,0,0,0,0,0,0
https://www.rottentomatoes.com/m/bram_stokers_dracula,Bram Stoker's Dracula,R,82000000,0.23,0.42,0,0,0,0,0,0,0,0,0,0,0,0,0,1,0,0,0,0,0,0,0,0,0,0,0,0,0,0,0,0,0,0,0,0,0,0,0,0
https://www.rottentomatoes.com/m/leave_the_world_behind_2023,Leave the World Behind,R,0,0.21,0.3,0,0,0,0,0,0,0,0,1,0,0,0,0,0,0,0,0,1,0,0,0,0,0,0,0,0,0,0,0,0,0,0,0,0,0,0,0,0
https://www.rottentomatoes.com/m/cuckoo_2024,Cuckoo,R,6200000,0.86,0.81,0,0,0,0,0,0,0,0,0,0,0,0,0,1,0,0,0,1,0,0,0,0,0,0,0,0,0,0,0,0,0,0,0,0,0,0,0,0
https://www.rottentomatoes.com/m/a_quiet_place_2018,A Quiet Place,PG-13,68400000,0.53,0.4,0,0,0,0,0,0,0,0,0,0,0,0,0,1,0,0,0,1,0,1,0,0,0,0,0,0,0,0,0,0,0,0,0,0,0,0,0,0
https://www.rottentomatoes.com/m/kraven_the_hunter,Kraven the Hunter,R,23700000,0.83,0.85,1,1,0,0,0,0,0,0,0,0,0,0,0,0,0,0,0,0,0,0,0,0,0,0,0,0,0,0,0,0,0,0,0,0,0,0,0,0
https://www.rottentomatoes.com/m/trap_2024,Trap,PG-13,42700000,0.79,0.79,0,0,0,0,0,0,0,0,0,0,0,0,0,0,0,0,0,1,0,0,0,0,0,0,0,0,0,0,0,0,0,0,0,0,0,0,0,0
https://www.rottentomatoes.com/m/pearl_2022,Pearl,R,8199999,0.98,0.86,0,0,0,0,0,1,0,0,0,0,0,0,0,1,0,0,0,1,0,0,0,0,0,0,0,0,0,0,0,0,0,0,0,0,0,0,0,0
https://www.rottentomatoes.com/m/sleepy_hollow,Sleepy Hollow,R,101100000,0.69,0.79,0,0,0,0,0,0,0,0,0,0,0,0,0,1,0,0,0,0,0,0,0,0,0,0,0,0,0,0,0,0,0,0,0,0,0,0,0,0
https://www.rottentomatoes.com/m/heart_eyes,Heart Eyes,R,30400000,0.97,0.92,0,0,0,0,0,1,0,0,0,0,0,0,1,1,0,0,0,0,1,0,0,0,0,0,0,0,0,0,0,0,0,0,0,0,0,0,0,0
https://www.rottentomatoes.com/m/scary_movie,Scary Movie,R,157000000,0.17,0.63,0,0,0,0,0,1,0,0,0,0,0,0,0,0,0,0,0,0,0,0,0,0,0,0,0,0,0,0,0,0,0,0,0,0,0,0,0,0
https://www.rottentomatoes.com/m/strange_darling,Strange Darling,R,0,0.83,0.83,0,0,0,0,0,0,0,0,0,0,0,0,0,1,0,0,0,1,0,0,0,0,0,0,0,0,0,0,0,0,0,0,0,0,0,0,0,0
https://www.rottentomatoes.com/m/the_brutalist,The Brutalist,R,0,0.95,0.85,0,0,0,0,0,0,0,0,1,0,0,0,0,0,0,0,0,0,0,0,0,0,0,0,0,0,0,0,0,0,0,0,0,0,0,0,0,0
https://www.rottentomatoes.com/m/prey_2022,Prey,R,0,0.43,0.19,1,1,0,0,0,0,0,0,0,0,0,0,0,0,0,0,0,0,0,1,0,0,0,0,0,0,0,0,0,0,0,0,0,0,0,0,0,0
https://www.rottentomatoes.com/m/top_gun_maverick,Top Gun: Maverick,PG-13,718500000,0.79,0.91,1,1,0,0,0,0,0,0,0,0,0,0,0,0,0,0,0,0,0,0,0,0,0,0,0,0,0,0,0,0,0,0,0,0,0,0,0,0
https://www.rottentomatoes.com/m/seven,Seven,R,100100000,0.4,0.4,0,0,0,0,0,0,1,0,1,0,0,0,0,0,0,0,0,1,0,0,0,0,0,0,0,0,0,0,0,0,0,0,0,0,0,0,0,0
https://www.rottentomatoes.com/m/oppenheimer_2023,Oppenheimer,R,330000000,0.68,0.94,0,0,0,0,1,0,0,0,1,0,0,1,0,0,0,0,0,0,0,0,0,0,0,0,0,0,0,0,0,0,0,0,0,0,0,0,0,0
https://www.rottentomatoes.com/m/blink_twice,Blink Twice,R,22800000,0.92,0.7,0,0,0,0,0,0,0,0,0,0,0,0,0,1,0,0,0,1,0,0,0,0,0,0,0,0,0,0,0,0,0,0,0,0,0,0,0,0
https://www.rottentomatoes.com/m/the_home_2025,The Home,R,1600000,0.88,0.63,0,0,0,0,0,0,0,0,0,0,0,0,0,1,0,0,0,1,0,0,0,0,0,0,0,0,0,0,0,0,0,0,0,0,0,0,0,0
https://www.rottentomatoes.com/m/running_man,The Running Man,R,38000000,0.29,0.37,1,0,0,0,0,0,0,0,0,0,0,0,0,0,0,0,0,0,0,1,0,0,0,0,0,0,0,0,0,0,0,0,0,0,0,0,0,0
https://www.rottentomatoes.com/m/friday_the_13th_part_1,Friday the 13th,R,60500000,0.16,0.26,0,0,0,0,0,0,0,0,0,0,0,0,0,1,0,0,0,0,0,0,0,0,0,0,0,0,0,0,0,0,0,0,0,0,0,0,0,0
https://www.rottentomatoes.com/m/joker_folie_a_deux,Joker: Folie à Deux,R,58200000,0.88,0.73,0,0,0,0,0,0,1,0,1,0,0,0,0,0,0,0,1,0,0,0,0,0,0,0,0,0,0,0,0,0,0,0,0,0,0,0,0,0
https://www.rottentomatoes.com/m/creep_2014,Creep,R,0,0.0,0.29,0,0,0,0,0,1,0,0,0,0,0,0,0,1,0,0,0,0,0,0,0,0,0,0,0,0,0,0,0,0,0,0,0,0,0,0,0,0
https://www.rottentomatoes.com/m/the_batman,The Batman,PG-13,369300000,0.66,0.72,1,1,0,0,0,0,1,0,1,0,0,0,0,0,0,0,0,0,0,0,0,0,0,0,0,0,0,0,0,0,0,0,0,0,0,0,0,0
https://www.rottentomatoes.com/m/spotlight_2015,Spotlight,R,45000000,0.17,0.45,0,0,0,0,0,0,0,0,1,0,0,0,0,0,0,0,0,0,0,0,0,0,0,0,0,0,0,0,0,0,0,0,0,0,0,0,0,0
https://www.rottentomatoes.com/m/alien_romulus,Alien: Romulus,R,105300000,0.65,0.55,0,0,0,0,0,0,0,0,0,0,0,0,0,1,0,0,0,0,0,1,0,0,0,0,0,0,0,0,0,0,0,0,0,0,0,0,0,0
https://www.rottentomatoes.com/m/on_becoming_a_guinea_fowl,On Becoming a Guinea Fowl,PG-13,0,0.81,0.94,0,0,0,0,0,1,0,0,1,0,0,0,0,0,0,0,0,0,0,0,0,0,0,0,0,0,0,0,0,0,0,0,0,0,0,0,0,0
https://www.rottentomatoes.com/m/the_dark_knight,The Dark Knight,PG-13,2000000,0.26,0.49,1,1,0,0,0,0,0,0,0,1,0,0,0,0,0,0,0,0,0,0,0,0,0,0,0,0,0,0,0,0,0,0,0,0,0,0,0,0
https://www.rottentomatoes.com/m/revenge_2018,Revenge,R,99900,0.29,0.33,0,0,0,0,0,0,0,0,0,0,0,0,0,0,0,0,0,1,0,0,0,0,0,0,0,0,0,0,0,0,0,0,0,0,0,0,0,0
https://www.rottentomatoes.com/m/the_power_of_the_dog,The Power of the Dog,R,0,0.4,0.86,0,0,0,0,0,0,0,0,1,0,0,0,0,0,0,0,0,0,1,0,0,0,0,1,0,0,0,0,0,0,0,0,0,0,0,0,0,0
https://www.rottentomatoes.com/m/spider_man_no_way_home,Spider-Man: No Way Home,PG-13,814100000,0.83,0.85,1,1,0,0,0,1,0,0,0,1,0,0,0,0,0,0,0,0,0,0,0,0,0,0,0,0,0,0,0,0,0,0,0,0,0,0,0,0
https://www.rottentomatoes.com/m/evil_dead_rise,Evil Dead Rise,R,67200000,0.9,0.76,0,0,0,0,0,0,0,0,0,1,0,0,0,1,0,0,0,1,0,0,0,0,0,0,0,0,0,0,0,0,0,0,0,0,0,0,0,0
https://www.rottentomatoes.com/m/dead_poets_society,Dead Poets Society,PG,94500000,0.86,0.78,0,0,0,0,0,0,0,0,1,0,0,0,0,0,0,0,0,0,0,0,0,0,0,0,0,0,0,0,0,0,0,0,0,0,0,0,0,0
https://www.rottentomatoes.com/m/jennifers_body,Jennifer's Body,R,16200000,0.72,0.59,0,0,0,0,0,1,0,0,0,0,0,0,0,1,0,0,0,0,0,0,0,0,0,0,0,0,0,0,0,0,0,0,0,0,0,0,0,0
https://www.rottentomatoes.com/m/no_country_for_old_men,No Country for Old Men,R,74300000,0.86,0.86,0,0,0,0,0,0,1,0,1,0,0,0,0,0,0,0,0,1,0,0,0,0,0,0,0,0,0,0,0,0,0,0,0,0,0,0,0,0
https://www.rottentomatoes.com/m/scream_vi,Scream VI,R,108100000,0.56,0.52,0,0,0,0,0,0,0,0,0,0,0,0,1,1,0,0,0,1,0,0,0,0,0,0,0,0,0,0,0,0,0,0,0,0,0,0,0,0
https://www.rottentomatoes.com/m/the_accountant_2,The Accountant 2,R,65500000,0.8,0.84,1,0,0,0,0,0,0,0,0,0,0,0,0,0,0,0,0,1,0,0,0,0,0,0,0,0,0,0,0,0,0,0,0,0,0,0,0,0
https://www.rottentomatoes.com/m/insidious,Insidious,PG-13,54000000,0.17,0.45,0,0,0,0,0,0,0,0,0,0,0,0,0,1,0,0,0,1,0,0,0,0,0,0,0,0,0,0,0,0,0,0,0,0,0,0,0,0
https://www.rottentomatoes.com/m/halloween_ends,Halloween Ends,R,64000000,0.92,0.88,0,0,0,0,0,0,0,0,0,0,0,0,1,1,0,0,0,1,0,0,0,0,0,0,0,0,0,0,0,0,0,0,0,0,0,0,0,0
https://www.rottentomatoes.com/m/the_electric_state,The Electric State,PG-13,0,0.97,0.82,0,1,0,0,0,1,0,0,0,0,0,0,0,0,0,0,0,0,0,1,0,0,0,0,0,0,0,0,0,0,0,0,0,0,0,0,0,0
https://www.rottentomatoes.com/m/abigail_2024,Abigail,R,25900000,0.81,0.88,0,0,0,0,0,0,0,0,0,0,0,0,0,1,0,0,0,1,0,0,0,0,0,0,0,0,0,0,0,0,0,0,0,0,0,0,0,0
https://www.rottentomatoes.com/m/edward_scissorhands,Edward Scissorhands,PG-13,54200000,0.74,0.77,0,0,0,0,0,1,0,0,1,1,0,0,1,0,0,0,0,0,1,0,0,0,0,0,0,0,0,0,0,0,0,0,0,0,0,0,0,0
https://www.rottentomatoes.com/m/what_keeps_you_alive,What Keeps You Alive,R,0,0.93,0.61,0,0,0,0,0,0,0,0,0,0,1,0,0,1,0,0,0,1,0,0,0,0,0,0,0,0,0,0,0,0,0,0,0,0,0,0,0,0
https://www.rottentomatoes.com/m/back_to_the_future,Back to the Future,PG,247000,0.61,0.65,0,0,0,0,0,1,0,0,0,0,0,0,0,0,0,0,0,0,0,1,0,0,0,0,0,0,0,0,0,0,0,0,0,0,0,0,0,0
https://www.rottentomatoes.com/m/shawshank_redemption,The Shawshank Redemption,R,27300000,0.11,0.2,0,0,0,0,0,0,0,0,1,0,0,0,0,0,0,0,0,0,0,0,0,0,0,0,0,0,0,0,0,0,0,0,0,0,0,0,0,0
https://www.rottentomatoes.com/m/there_will_be_blood,There Will Be Blood,R,40200000,0.53,0.61,0,0,0,0,0,0,0,0,1,0,0,0,0,0,0,0,0,0,0,0,0,0,0,0,0,0,0,0,0,0,0,0,0,0,0,0,0,0
https://www.rottentomatoes.com/m/coco_2017,Coco,PG,210500000,0.95,0.88,0,1,1,0,0,1,0,0,0,0,0,0,0,0,1,1,0,0,0,0,0,0,0,0,0,0,0,0,0,0,0,0,0,0,0,0,0,0
https://www.rottentomatoes.com/m/lilo_and_stitch_2025,Lilo & Stitch,PG,423800000,0.74,0.84,1,1,0,0,0,1,0,0,0,0,0,0,0,0,1,0,0,0,0,1,0,0,0,0,0,0,0,0,0,0,0,0,0,0,0,0,0,0
https://www.rottentomatoes.com/m/the_strangers_chapter_1,The Strangers: Chapter 1,R,35100000,0.94,0.76,0,0,0,0,0,0,0,0,0,0,0,0,0,1,0,0,0,1,0,0,0,0,0,0,0,0,0,0,0,0,0,0,0,0,0,0,0,0
https://www.rottentomatoes.com/m/fight_club,Fight Club,R,37000000,0.12,0.22,0,0,0,0,0,0,0,0,1,0,0,0,0,0,0,0,0,1,0,0,0,0,0,0,0,0,0,0,0,0,0,0,0,0,0,0,0,0
https://www.rottentomatoes.com/m/the_gray_man_2022,The Gray Man,PG-13,0,0.48,0.67,1,0,0,0,0,0,0,0,0,0,0,0,0,0,0,0,0,1,0,0,0,0,0,0,0,0,0,0,0,0,0,0,0,0,0,0,0,0
https://www.rottentomatoes.com/m/inception,Inception,PG-13,292600000,0.55,0.73,1,0,0,0,0,0,0,0,0,0,0,0,0,0,0,0,0,1,0,1,0,0,0,0,0,0,0,0,0,0,0,0,0,0,0,0,0,0
https://www.rottentomatoes.com/m/idiocracy,Idiocracy,R,438700,0.98,0.9,0,0,0,0,0,1,0,0,0,0,0,0,0,0,0,0,0,0,0,1,0,0,0,0,0,0,0,0,0,0,0,0,0,0,0,0,0,0
https://www.rottentomatoes.com/m/casper,Casper,PG,102500000,0.05,0.27,0,0,0,0,0,0,0,0,0,1,0,0,0,0,1,0,0,0,0,0,0,0,0,0,0,0,0,0,0,0,0,0,0,0,0,0,0,0
https://www.rottentomatoes.com/m/maze_runner_the_scorch_trials,Maze Runner: The Scorch Trials,PG-13,81700000,0.47,0.44,1,1,0,0,0,0,0,0,0,0,0,0,0,0,0,0,0,1,0,1,0,0,0,0,0,0,0,0,0,0,0,0,0,0,0,0,0,0
https://www.rottentomatoes.com/m/28_weeks_later,28 Weeks Later,R,28600000,0.08,0.13,0,0,0,0,0,0,0,0,0,0,0,0,0,1,0,0,0,1,0,0,0,0,0,0,0,0,0,0,0,0,0,0,0,0,0,0,0,0
https://www.rottentomatoes.com/m/civil_war_2024,Civil War,R,68600000,0.95,0.82,1,0,0,0,0,0,0,0,1,0,0,0,0,0,0,0,0,1,0,0,0,0,1,0,0,0,0,0,0,0,0,0,0,0,0,0,0,0
https://www.rottentomatoes.com/m/deadpool_and_wolverine,Deadpool & Wolverine,R,636700000,0.79,0.78,1,1,0,0,0,1,0,0,0,0,0,0,0,0,0,0,0,0,0,0,0,0,0,0,0,0,0,0,0,0,0,0,0,0,0,0,0,0
https://www.rottentomatoes.com/m/apocalypse_in_the_tropics,Apocalypse in the Tropics,PG-13,0,0.93,0.97,0,0,0,0,0,0,0,1,0,0,0,1,0,0,0,0,0,0,0,0,0,0,0,0,0,0,0,0,0,0,0,0,0,0,0,0,0,0
https://www.rottentomatoes.com/m/m3gan,M3GAN,PG-13,95000000,0.25,0.5,0,0,0,0,0,0,0,0,0,0,0,0,0,1,0,0,0,1,0,1,0,0,0,0,0,0,0,0,0,0,0,0,0,0,0,0,0,0
https://www.rottentomatoes.com/m/the_conjuring_2,The Conjuring 2,R,102500000,0.56,0.83,0,0,0,0,0,0,0,0,0,0,0,0,0,1,0,0,0,1,0,0,0,0,0,0,0,0,0,0,0,0,0,0,0,0,0,0,0,0
https://www.rottentomatoes.com/m/ne_zha_ii,Ne Zha II,PG-13,0,0.96,0.79,1,1,1,0,0,0,0,0,0,1,0,0,0,0,0,0,0,0,0,0,0,0,0,0,0,0,0,0,0,0,0,0,0,0,0,0,0,0
https://www.rottentomatoes.com/m/the_loved_ones_2012,The Loved Ones,R,0,0.46,0.31,0,0,0,0,0,0,0,0,0,0,0,0,0,1,0,0,0,1,0,0,0,0,0,0,0,0,0,0,0,0,0,0,0,0,0,0,0,0
https://www.rottentomatoes.com/m/blade_runner_2049,Blade Runner 2049,R,91500000,0.74,0.67,0,0,0,0,0,0,0,0,0,0,0,0,0,0,0,0,0,1,0,1,0,0,0,0,0,0,0,0,0,0,0,0,0,0,0,0,0,0
https://www.rottentomatoes.com/m/salems_lot_2024,Salem's Lot,R,0,0.27,0.36,0,0,0,0,0,0,0,0,0,0,0,0,0,1,0,0,0,1,0,0,0,0,0,0,0,0,0,0,0,0,0,0,0,0,0,0,0,0
https://www.rottentomatoes.com/m/geralds_game,Gerald's Game,TV-MA,0,0.33,0.34,0,0,0,0,0,0,0,0,0,0,0,0,0,1,0,0,0,1,0,0,0,0,0,0,0,0,0,0,0,0,0,0,0,0,0,0,0,0
https://www.rottentomatoes.com/m/heads_of_state,Heads of State,PG-13,0,0.85,0.87,1,0,0,0,0,1,1,0,1,0,0,0,0,0,0,0,0,1,0,0,0,0,0,0,0,0,0,0,0,0,0,0,0,0,0,0,0,0
https://www.rottentomatoes.com/m/inglourious_basterds,Inglourious Basterds,R,120500000,0.82,0.73,0,0,0,0,0,1,0,0,1,0,0,0,0,0,0,0,0,0,0,0,0,0,1,0,0,0,0,0,0,0,0,0,0,0,0,0,0,0
https://www.rottentomatoes.com/m/exorcist,The Exorcist,R,441400000,0.8,0.54,0,0,0,0,0,0,0,0,0,0,0,0,0,1,0,0,0,0,0,0,0,0,0,0,0,0,0,0,0,0,0,0,0,0,0,0,0,0
https://www.rottentomatoes.com/m/ready_or_not_2019,Ready or Not,R,28700000,0.79,0.6,0,0,0,0,0,1,0,0,0,0,0,0,0,1,0,0,0,1,0,0,0,0,0,0,0,0,0,0,0,0,0,0,0,0,0,0,0,0
https://www.rottentomatoes.com/m/gone_girl,Gone Girl,R,167800000,0.08,0.33,0,0,0,0,0,0,1,0,1,0,0,0,0,0,0,0,0,1,0,0,0,0,0,0,0,0,0,0,0,0,0,0,0,0,0,0,0,0
https://www.rottentomatoes.com/m/kinds_of_kindness,Kinds of Kindness,R,5000000,0.9,0.77,0,0,0,0,0,1,0,0,1,0,0,0,0,0,0,0,0,0,0,0,0,0,0,0,0,0,0,0,0,0,0,0,0,0,0,0,0,0
https://www.rottentomatoes.com/m/now_you_see_me,Now You See Me,PG-13,117700000,0.08,0.35,0,0,0,0,0,1,0,0,1,0,0,0,0,0,0,0,0,1,0,0,0,0,0,0,0,0,0,0,0,0,0,0,0,0,0,0,0,0
https://www.rottentomatoes.com/m/scream_2,Scream 2,R,101300000,0.6,0.69,0,0,0,0,0,1,0,0,0,0,0,0,0,1,0,0,0,0,0,0,0,0,0,0,0,0,0,0,0,0,0,0,0,0,0,0,0,0
https://www.rottentomatoes.com/m/the_martian,The Martian,PG-13,228400000,0.72,0.95,0,1,0,0,0,0,0,0,1,0,0,0,0,0,0,0,0,0,0,1,0,0,0,0,0,0,0,0,0,0,0,0,0,0,0,0,0,0
https://www.rottentomatoes.com/m/heat_1995,Heat,R,66200000,0.97,0.93,0,0,0,0,0,0,1,0,1,0,0,0,0,0,0,0,0,0,0,0,0,0,0,0,0,0,0,0,0,0,0,0,0,0,0,0,0,0
https://www.rottentomatoes.com/m/maze_runner_the_death_cure,Maze Runner: The Death Cure,PG-13,57400000,0.47,0.44,1,1,0,0,0,0,0,0,0,0,0,0,0,0,0,0,0,1,0,1,0,0,0,0,0,0,0,0,0,0,0,0,0,0,0,0,0,0
https://www.rottentomatoes.com/m/whiplash_2014,Whiplash,R,911400,0.83,0.43,0,0,0,0,0,0,0,0,1,0,0,0,0,0,0,1,0,0,0,0,0,0,0,0,0,0,0,0,0,0,0,0,0,0,0,0,0,0
https://www.rottentomatoes.com/m/the_northman,The Northman,R,34200000,0.15,0.72,1,1,0,0,0,0,0,0,1,0,0,0,0,0,0,0,0,1,0,0,0,0,0,0,0,0,0,0,0,0,0,0,0,0,0,0,0,0
https://www.rottentomatoes.com/m/leave_no_trace,Leave No Trace,PG,6000000,0.6,0.7,0,0,0,0,0,0,0,0,1,0,0,0,0,0,0,0,0,0,0,0,0,0,0,0,0,0,0,0,0,0,0,0,0,0,0,0,0,0
https://www.rottentomatoes.com/m/sixth_sense,The Sixth Sense,PG-13,293500000,0.15,0.26,0,0,0,0,0,0,0,0,0,0,0,0,0,0,0,0,0,1,0,0,0,0,0,0,0,0,0,0,0,0,0,0,0,0,0,0,0,0
https://www.rottentomatoes.com/m/nobody_2021,Nobody,R,27200000,0.15,0.3,1,0,0,0,0,1,0,0,0,0,0,0,0,0,0,0,0,1,0,0,0,0,0,0,0,0,0,0,0,0,0,0,0,0,0,0,0,0
https://www.rottentomatoes.com/m/wind_river_2017,Wind River,R,33800000,0.17,0.16,0,0,0,0,0,0,1,0,1,0,0,0,0,0,0,0,0,1,0,0,0,0,0,0,0,0,0,0,0,0,0,0,0,0,0,0,0,0
https://www.rottentomatoes.com/m/woman_of_the_hour,Woman of the Hour,R,0,0.93,0.79,0,0,0,0,0,0,1,0,1,0,0,0,0,0,0,0,0,1,0,0,0,0,0,0,0,0,0,0,0,0,0,0,0,0,0,0,0,0
https://www.rottentomatoes.com/m/juror_2,Juror #2,PG-13,0,0.77,0.76,0,0,0,0,0,0,1,0,1,0,0,0,0,0,0,0,0,1,0,0,0,0,0,0,0,0,0,0,0,0,0,0,0,0,0,0,0,0
https://www.rottentomatoes.com/m/deep_water_2022,Deep Water,R,0,0.62,0.54,0,0,0,0,0,0,0,0,1,0,0,0,0,0,0,0,0,1,0,0,0,0,0,0,0,0,0,0,0,0,0,0,0,0,0,0,0,0
https://www.rottentomatoes.com/m/rocky_horror_picture_show,The Rocky Horror Picture Show,R,519000,0.76,0.91,0,0,0,0,0,1,0,0,0,0,0,0,0,0,0,0,1,0,0,0,0,0,0,0,0,0,0,0,0,0,0,0,0,0,0,0,0,0
https://www.rottentomatoes.com/m/lincoln_lawyer,The Lincoln Lawyer,R,58000000,0.26,0.75,0,0,0,0,0,0,1,0,1,0,0,0,0,0,0,0,0,1,0,0,0,0,0,0,0,0,0,0,0,0,0,0,0,0,0,0,0,0
https://www.rottentomatoes.com/m/gladiator_ii,Gladiator II,R,168800000,0.97,0.95,1,1,0,0,0,0,0,0,1,0,0,1,0,0,0,0,0,0,0,0,0,0,0,0,0,0,0,0,0,0,0,0,0,0,0,0,0,0
https://www.rottentomatoes.com/m/madame_web,Madame Web,PG-13,43700000,0.92,0.86,1,1,0,0,0,0,0,0,0,0,0,0,0,0,0,0,0,1,0,0,0,0,0,0,0,0,0,0,0,0,0,0,0,0,0,0,0,0
https://www.rottentomatoes.com/m/freaky_tales,Freaky Tales,R,0,0.18,0.61,1,0,0,0,0,1,0,0,1,0,0,0,0,0,0,0,0,0,0,0,0,0,0,0,0,0,0,0,0,0,0,0,0,0,0,0,0,0
https://www.rottentomatoes.com/m/avatar_the_way_of_water,Avatar: The Way of Water,PG-13,3200000,0.51,0.91,1,1,0,0,0,0,0,0,0,1,0,0,0,0,0,0,0,0,0,1,0,0,0,0,0,0,0,0,0,0,0,0,0,0,0,0,0,0
https://www.rottentomatoes.com/m/the_assessment,The Assessment,R,152900,0.95,0.84,0,0,0,0,0,0,0,0,1,0,0,0,0,0,0,0,0,1,0,1,0,0,0,0,0,0,0,0,0,0,0,0,0,0,0,0,0,0
https://www.rottentomatoes.com/m/the_dead_dont_die_2019,The Dead Don't Die,R,6500000,0.85,0.62,0,0,0,0,0,1,0,0,0,0,0,0,0,1,0,0,0,0,0,0,0,0,0,0,0,0,0,0,0,0,0,0,0,0,0,0,0,0
https://www.rottentomatoes.com/m/avengers_infinity_war,Avengers: Infinity War,PG-13,678800000,0.91,0.91,1,1,0,0,0,0,0,0,0,1,0,0,0,0,0,0,0,0,0,1,0,0,0,0,0,0,0,0,0,0,0,0,0,0,0,0,0,0
https://www.rottentomatoes.com/m/haunted_mansion_2023,Haunted Mansion,PG-13,67600000,0.75,0.78,0,0,0,0,0,1,0,0,0,1,0,0,0,0,0,0,0,0,0,0,0,0,0,0,0,0,0,0,0,0,0,0,0,0,0,0,0,0
https://www.rottentomatoes.com/m/eternals,Eternals,PG-13,164900000,0.77,0.76,1,1,0,0,0,0,0,0,0,1,0,0,0,0,0,0,0,0,0,0,0,0,0,0,0,0,0,0,0,0,0,0,0,0,0,0,0,0
https://www.rottentomatoes.com/m/shang_chi_and_the_legend_of_the_ten_rings,Shang-Chi and the Legend of the Ten Rings,PG-13,224500000,0.63,0.79,1,1,0,0,0,0,0,0,0,1,0,0,0,0,0,0,0,0,0,0,0,0,0,0,0,0,0,0,0,0,0,0,0,0,0,0,0,0
https://www.rottentomatoes.com/m/the_lighthouse_2019,The Lighthouse,R,10900000,0.88,0.54,0,0,0,0,0,0,0,0,1,0,0,0,0,0,0,0,0,1,0,0,0,0,0,0,0,0,0,0,0,0,0,0,0,0,0,0,0,0
https://www.rottentomatoes.com/m/the_wolf_of_wall_street_2013,The Wolf of Wall Street,R,116900000,0.84,0.85,0,0,0,0,1,1,0,0,1,0,0,0,0,0,0,0,0,0,0,0,0,0,0,0,0,0,0,0,0,0,0,0,0,0,0,0,0,0
https://www.rottentomatoes.com/m/the_town,The Town,R,92200000,0.08,0.33,0,0,0,0,0,0,1,0,1,0,0,0,0,0,0,0,0,1,0,0,0,0,0,0,0,0,0,0,0,0,0,0,0,0,0,0,0,0
https://www.rottentomatoes.com/m/caddo_lake,Caddo Lake,PG-13,0,0.17,0.21,0,0,0,0,0,0,0,0,0,0,0,0,0,0,0,0,0,1,0,0,0,0,0,0,0,0,0,0,0,0,0,0,0,0,0,0,0,0
https://www.rottentomatoes.com/m/spinal_tap_ii_the_end_continues,Spinal Tap II: The End Continues,R,0,0.91,0.92,0,0,0,0,0,1,0,0,0,0,0,0,0,0,0,1,0,0,0,0,0,0,0,0,0,0,0,0,0,0,0,0,0,0,0,0,0,0
https://www.rottentomatoes.com/m/1016513-poltergeist,Poltergeist,PG,121800000,0.44,0.47,0,0,0,0,0,0,0,0,0,0,0,0,0,1,0,0,0,1,0,0,0,0,0,0,0,0,0,0,0,0,0,0,0,0,0,0,0,0
https://www.rottentomatoes.com/m/zodiac,Zodiac,R,33000000,0.05,0.44,0,0,0,0,0,0,1,0,1,0,0,0,0,0,0,0,0,1,0,0,0,0,0,0,0,0,0,0,0,0,0,0,0,0,0,0,0,0
https://www.rottentomatoes.com/m/la_la_land,La La Land,PG-13,151100000,0.4,0.68,0,0,0,0,0,1,0,0,1,0,0,0,0,0,0,0,1,0,1,0,0,0,0,0,0,0,0,0,0,0,0,0,0,0,0,0,0,0
https://www.rottentomatoes.com/m/monster_house,Monster House,PG,73700000,0.78,0.63,0,1,1,0,0,1,0,0,0,1,0,0,0,0,1,0,0,0,0,0,0,0,0,0,0,0,0,0,0,0,0,0,0,0,0,0,0,0
https://www.rottentomatoes.com/m/live_die_repeat_edge_of_tomorrow,Edge of Tomorrow,PG-13,100200000,0.15,0.44,1,1,0,0,0,0,0,0,0,0,0,0,0,0,0,0,0,0,0,1,0,0,0,0,0,0,0,0,0,0,0,0,0,0,0,0,0,0
https://www.rottentomatoes.com/m/prisoners_2013,Prisoners,R,61000000,0.34,0.24,0,0,0,0,0,0,1,0,1,0,0,0,0,0,0,0,0,1,0,0,0,0,0,0,0,0,0,0,0,0,0,0,0,0,0,0,0,0
https://www.rottentomatoes.com/m/good_will_hunting,Good Will Hunting,R,138300000,0.62,0.79,0,0,0,0,0,0,0,0,1,0,0,0,0,0,0,0,0,0,0,0,0,0,0,0,0,0,0,0,0,0,0,0,0,0,0,0,0,0
https://www.rottentomatoes.com/m/a_quiet_place_day_one,A Quiet Place: Day One,PG-13,138900000,0.94,0.83,0,0,0,0,0,0,0,0,0,0,0,0,0,1,0,0,0,1,0,1,0,0,0,0,0,0,0,0,0,0,0,0,0,0,0,0,0,0
https://www.rottentomatoes.com/m/1003707-casablanca,Casablanca,PG,0,0.99,0.9,0,0,0,0,0,0,0,0,1,0,0,0,0,0,0,0,0,0,0,0,0,0,0,0,0,0,0,0,0,0,0,0,0,0,0,0,0,0
https://www.rottentomatoes.com/m/we_live_in_time,We Live in Time,R,0,0.92,0.82,0,0,0,0,0,0,0,0,1,0,0,0,0,0,0,0,0,0,1,0,0,0,0,0,0,0,0,0,0,0,0,0,0,0,0,0,0,0
https://www.rottentomatoes.com/m/the_conjuring_the_devil_made_me_do_it,The Conjuring: The Devil Made Me Do It,R,65599999,0.86,0.83,0,0,0,0,0,0,0,0,0,0,0,0,0,1,0,0,0,1,0,0,0,0,0,0,0,0,0,0,0,0,0,0,0,0,0,0,0,0
https://www.rottentomatoes.com/m/adulthood_2025,Adulthood,R,0,0.98,0.91,0,0,0,0,0,1,1,0,1,0,0,0,0,0,0,0,0,0,0,0,0,0,0,0,0,0,0,0,0,0,0,0,0,0,0,0,0,0
https://www.rottentomatoes.com/m/blair_witch_project,The Blair Witch Project,R,140500000,0.19,0.49,0,0,0,0,0,0,0,0,0,0,0,0,0,1,0,0,0,1,0,0,0,0,0,0,0,0,0,0,0,0,0,0,0,0,0,0,0,0
https://www.rottentomatoes.com/m/hubie_halloween,Hubie Halloween,PG-13,0,0.25,0.46,0,0,0,0,0,1,0,0,0,0,0,0,1,0,0,0,0,0,0,0,0,0,0,0,0,0,0,0,0,0,0,0,0,0,0,0,0,0
https://www.rottentomatoes.com/m/casino_royale,Casino Royale,PG-13,167000000,0.17,0.32,1,1,0,0,0,0,0,0,0,0,0,0,0,0,0,0,0,1,0,0,0,0,0,0,0,0,0,0,0,0,0,0,0,0,0,0,0,0
https://www.rottentomatoes.com/m/sovereign,Sovereign,R,0,0.94,0.77,1,0,0,0,0,0,1,0,1,0,0,0,0,0,0,0,0,0,0,0,0,0,0,0,0,0,0,0,0,0,0,0,0,0,0,0,0,0
https://www.rottentomatoes.com/m/uncut_gems,Uncut Gems,R,50000000,0.88,0.68,0,0,0,0,0,1,0,0,0,0,0,0,0,0,0,0,0,1,0,0,0,0,0,0,0,0,0,0,0,0,0,0,0,0,0,0,0,0
https://www.rottentomatoes.com/m/fountain_of_youth_2025,Fountain of Youth,PG-13,0,0.98,0.8,1,1,0,0,0,0,0,0,0,0,0,0,0,0,0,0,0,0,0,0,0,0,0,0,0,0,0,0,0,0,0,0,0,0,0,0,0,0
https://www.rottentomatoes.com/m/ring,The Ring,PG-13,128600000,0.41,0.46,0,0,0,0,0,0,0,0,0,0,0,0,0,1,0,0,0,1,0,0,0,0,0,0,0,0,0,0,0,0,0,0,0,0,0,0,0,0
https://www.rottentomatoes.com/m/identity,Identity,R,51500000,0.5,0.84,0,0,0,0,0,0,0,0,0,0,0,0,0,1,0,0,0,1,0,0,0,0,0,0,0,0,0,0,0,0,0,0,0,0,0,0,0,0
https://www.rottentomatoes.com/m/the_hurt_locker,The Hurt Locker,R,15700000,0.2,0.6,1,0,0,0,0,0,0,0,1,0,0,0,0,0,0,0,0,1,0,0,0,0,1,0,0,0,0,0,0,0,0,0,0,0,0,0,0,0
https://www.rottentomatoes.com/m/1109257-others,The Others,PG-13,13500,0.22,0.43,0,0,0,0,0,0,0,0,0,0,0,0,0,1,0,0,0,1,0,0,0,0,0,0,0,0,0,0,0,0,0,0,0,0,0,0,0,0
https://www.rottentomatoes.com/m/happy_gilmore_2,Happy Gilmore 2,PG-13,0,0.8,0.69,0,0,0,0,0,1,0,0,0,0,0,0,0,0,0,0,0,0,0,0,1,0,0,0,0,0,0,0,0,0,0,0,0,0,0,0,0,0
https://www.rottentomatoes.com/m/the_watchers_2024,The Watchers,PG-13,19100000,0.95,0.51,0,0,0,0,0,0,0,0,0,0,0,0,0,1,0,0,0,1,0,0,0,0,0,0,0,0,0,0,0,0,0,0,0,0,0,0,0,0
https://www.rottentomatoes.com/m/event_horizon,Event Horizon,R,26700000,0.24,0.36,0,0,0,0,0,0,0,0,0,0,0,0,0,1,0,0,0,0,0,1,0,0,0,0,0,0,0,0,0,0,0,0,0,0,0,0,0,0
https://www.rottentomatoes.com/m/passengers_2016,Passengers,PG-13,100000000,0.1,0.5,0,1,0,0,0,0,0,0,0,0,0,0,0,0,0,0,0,1,1,1,0,0,0,0,0,0,0,0,0,0,0,0,0,0,0,0,0,0
https://www.rottentomatoes.com/m/opus_2025,Opus,R,0,0.88,0.68,0,0,0,0,0,1,0,0,1,0,0,0,0,1,0,0,0,1,0,0,0,0,0,0,0,0,0,0,0,0,0,0,0,0,0,0,0,0
https://www.rottentomatoes.com/m/sonic_the_hedgehog_3,Sonic the Hedgehog 3,PG,236100000,0.88,0.95,0,1,1,0,0,1,0,0,0,1,0,0,0,0,1,0,0,0,0,0,0,0,0,0,0,0,0,0,0,0,0,0,0,0,0,0,0,0
https://www.rottentomatoes.com/m/imaginary,Imaginary,PG-13,28000000,0.83,0.58,0,0,0,0,0,0,0,0,0,0,0,0,0,1,0,0,0,1,0,0,0,0,0,0,0,0,0,0,0,0,0,0,0,0,0,0,0,0
https://www.rottentomatoes.com/m/misery,Misery,R,54700000,0.6,0.34,0,0,0,0,0,0,0,0,0,0,0,0,0,1,0,0,0,1,0,0,0,0,0,0,0,0,0,0,0,0,0,0,0,0,0,0,0,0
https://www.rottentomatoes.com/m/notebook,The Notebook,PG-13,81000000,0.64,0.6,0,0,0,0,0,0,0,0,1,0,0,0,0,0,0,0,0,0,1,0,0,0,0,0,0,0,0,0,0,0,0,0,0,0,0,0,0,0
https://www.rottentomatoes.com/m/glass_onion_a_knives_out_mystery,Glass Onion: A Knives Out Mystery,PG-13,0,0.51,0.7,0,0,0,0,0,1,0,0,1,0,0,0,0,0,0,0,0,1,0,0,0,0,0,0,0,0,0,0,0,0,0,0,0,0,0,0,0,0
https://www.rottentomatoes.com/m/addams_family,The Addams Family,PG-13,111300000,0.48,0.41,0,0,0,0,0,1,0,0,0,0,0,0,0,0,0,0,0,0,0,0,0,0,0,0,0,0,0,0,0,0,0,0,0,0,0,0,0,0
https://www.rottentomatoes.com/m/donnie_darko,Donnie Darko,R,205800,0.39,0.81,0,0,0,0,0,0,0,0,1,1,0,0,0,0,0,0,0,0,0,1,0,0,0,0,0,0,0,0,0,0,0,0,0,0,0,0,0,0
https://www.rottentomatoes.com/m/wolfs,Wolfs,R,0,0.52,0.76,1,0,0,0,0,1,0,0,0,0,0,0,0,0,0,0,0,0,0,0,0,0,0,0,0,0,0,0,0,0,0,0,0,0,0,0,0,0
https://www.rottentomatoes.com/m/confessions_of_a_shopaholic,Confessions of a Shopaholic,PG,44300000,0.52,0.69,0,0,0,0,0,1,0,0,0,0,0,0,0,0,0,0,0,0,0,0,0,0,0,0,0,0,0,0,0,0,0,0,0,0,0,0,0,0
https://www.rottentomatoes.com/m/village,The Village,PG-13,114200000,0.07,0.31,0,0,0,0,0,0,0,0,0,0,0,0,0,0,0,0,0,1,0,0,0,0,0,0,0,0,0,0,0,0,0,0,0,0,0,0,0,0
https://www.rottentomatoes.com/m/are_you_there_god_its_me_margaret,"Are You There God? It's Me, Margaret.",PG-13,20300000,0.82,0.83,0,0,0,0,0,1,0,0,1,0,0,0,0,0,0,0,0,0,0,0,0,0,0,0,0,0,0,0,0,0,0,0,0,0,0,0,0,0
https://www.rottentomatoes.com/m/nope,Nope,R,123200000,0.57,0.67,0,0,0,0,0,0,0,0,0,0,0,0,0,1,0,0,0,1,0,1,0,0,0,0,0,0,0,0,0,0,0,0,0,0,0,0,0,0
https://www.rottentomatoes.com/m/crimson_peak,Crimson Peak,R,31100000,0.38,0.34,0,0,0,0,0,0,0,0,0,0,0,0,0,1,0,0,0,1,1,0,0,0,0,0,0,0,0,0,0,0,0,0,0,0,0,0,0,0
https://www.rottentomatoes.com/m/meet_joe_black,Meet Joe Black,PG-13,44600000,0.47,0.54,0,0,0,0,0,0,0,0,1,1,0,0,0,0,0,0,0,0,1,0,0,0,0,0,0,0,0,0,0,0,0,0,0,0,0,0,0,0
https://www.rottentomatoes.com/m/your_name_2017,Your Name,PG,0,0.95,0.94,0,0,0,1,0,0,0,0,0,1,0,0,0,0,0,0,0,0,1,0,0,0,0,0,0,0,0,0,0,0,0,0,0,0,0,0,0,0
https://www.rottentomatoes.com/m/the_hunger_games_the_ballad_of_songbirds_and_snakes,The Hunger Games: The Ballad of Songbirds & Snakes,PG-13,166300000,0.75,0.9,1,1,0,0,0,0,0,0,0,0,0,0,0,0,0,0,0,0,0,1,0,0,0,0,0,0,0,0,0,0,0,0,0,0,0,0,0,0
https://www.rottentomatoes.com/m/guardians_of_the_galaxy_vol_3,Guardians of the Galaxy Vol. 3,PG-13,359000000,0.85,0.92,1,1,0,0,0,1,0,0,0,1,0,0,0,0,0,0,0,0,0,1,0,0,0,0,0,0,0,0,0,0,0,0,0,0,0,0,0,0
https://www.rottentomatoes.com/m/locked,Locked,R,1600000,0.83,0.83,0,0,0,0,0,0,0,0,0,0,0,0,0,1,0,0,0,1,0,0,0,0,0,0,0,0,0,0,0,0,0,0,0,0,0,0,0,0
https://www.rottentomatoes.com/m/night_always_comes,Night Always Comes,R,0,0.84,0.84,0,0,0,0,0,0,1,0,1,0,0,0,0,0,0,0,0,1,0,0,0,0,0,0,0,0,0,0,0,0,0,0,0,0,0,0,0,0
https://www.rottentomatoes.com/m/friday_the_13th_prequel,Friday the 13th,R,65000000,0.15,0.44,0,0,0,0,0,0,0,0,0,0,0,0,0,1,0,0,0,1,0,0,0,0,0,0,0,0,0,0,0,0,0,0,0,0,0,0,0,0
https://www.rottentomatoes.com/m/tenet,Tenet,PG-13,58100000,0.92,0.82,1,0,0,0,0,0,0,0,0,0,0,0,0,0,0,0,0,1,0,1,0,0,0,0,0,0,0,0,0,0,0,0,0,0,0,0,0,0
https://www.rottentomatoes.com/m/it_comes_at_night,It Comes at Night,R,14000000,0.11,0.17,0,0,0,0,0,0,0,0,0,0,0,0,0,1,0,0,0,1,0,0,0,0,0,0,0,0,0,0,0,0,0,0,0,0,0,0,0,0
